,Cell count,# Branches,# Junctions,# End-points,Avg branch length,Branches/cell,Junctions/cell,End-points/cell,Avg branch length/cell
6_LeftCA1_1,57,,,,,,,,
6_LeftCA1_2,48,,,,,,,,
6_LeftCA1_3,38,,,,,,,,
6_LeftCA3_1,37,,,,,,,,
6_LeftCA3_2,42,,,,,,,,
6_LeftCA3_3,30,,,,,,,,
6_LeftDG_1a,81,,,,,,,,
6_LeftDG_1b,37,,,,,,,,
6_LeftDG_2a,54,,,,,,,,
6_LeftDG_2b,24,,,,,,,,
6_LeftDG_3a,57,,,,,,,,
6_LeftDG_3b,28,,,,,,,,
6_RightCA1_1,47,,,,,,,,
6_RightCA1_2,45,,,,,,,,
6_RightCA1_3,42,,,,,,,,
6_RightCA3_1,33,,,,,,,,
6_RightCA3_2,28,,,,,,,,
6_RightCA3_3,30,,,,,,,,
6_RightDG_1a,63,,,,,,,,
6_RightDG_1b,25,,,,,,,,
6_RightDG_2a,65,,,,,,,,
6_RightDG_2b,26,,,,,,,,
6_RightDG_3a,48,,,,,,,,
6_RightDG_3b,24,,,,,,,,
8_LeftCA1_1,40,,,,,,,,
8_LeftCA1_2,43,,,,,,,,
8_LeftCA1_3,42,,,,,,,,
8_LeftCA3_1,31,,,,,,,,
8_LeftCA3_2,33,,,,,,,,
8_LeftCA3_3,31,,,,,,,,
8_LeftDG_1a,41,,,,,,,,
8_LeftDG_1b,27,,,,,,,,
8_LeftDG_2a,42,,,,,,,,
8_LeftDG_2b,23,,,,,,,,
8_LeftDG_3a,42,,,,,,,,
8_LeftDG_3b,32,,,,,,,,
8_RightCA1_1,46,,,,,,,,
8_RightCA1_2,40,,,,,,,,
8_RightCA1_3,39,,,,,,,,
8_RightCA3_1,37,,,,,,,,
8_RightCA3_2,37,,,,,,,,
8_RightCA3_3,34,,,,,,,,
8_RightDG_1a,52,,,,,,,,
8_RightDG_1b,29,,,,,,,,
8_RightDG_2a,43,,,,,,,,
8_RightDG_2b,26,,,,,,,,
8_RightDG_3a,48,,,,,,,,
8_RightDG_3b,24,,,,,,,,
9_LeftCA1_1,37,,,,,,,,
9_LeftCA1_2,36,,,,,,,,
9_LeftCA1_3,38,,,,,,,,
9_LeftCA3_1,27,,,,,,,,
9_LeftCA3_2,25,,,,,,,,
9_LeftCA3_3,29,,,,,,,,
9_LeftDG_1a,40,,,,,,,,
9_LeftDG_1b,22,,,,,,,,
9_LeftDG_2a,66,,,,,,,,
9_LeftDG_2b,31,,,,,,,,
9_LeftDG_3a,43,,,,,,,,
9_LeftDG_3b,24,,,,,,,,
9_RightCA1_1,36,,,,,,,,
9_RightCA1_2,44,,,,,,,,
9_RightCA1_3,32,,,,,,,,
9_RightCA3_1,27,,,,,,,,
9_RightCA3_2,35,,,,,,,,
9_RightCA3_3,26,,,,,,,,
9_RightDG_1a,45,,,,,,,,
9_RightDG_1b,22,,,,,,,,
9_RightDG_2a,67,,,,,,,,
9_RightDG_2b,35,,,,,,,,
9_RightDG_3a,53,,,,,,,,
9_RightDG_3b,25,,,,,,,,
11_LeftCA1_1,41,,,,,,,,
11_LeftCA1_2,59,,,,,,,,
11_LeftCA1_3,55,,,,,,,,
11_LeftCA3_1,41,,,,,,,,
11_LeftCA3_2,44,,,,,,,,
11_LeftCA3_3,45,,,,,,,,
11_LeftDG_1a,51,,,,,,,,
11_LeftDG_1b,30,,,,,,,,
11_LeftDG_2a,40,,,,,,,,
11_LeftDG_2b,40,,,,,,,,
11_LeftDG_3a,68,,,,,,,,
11_LeftDG_3b,37,,,,,,,,
11_RightCA1_1,41,,,,,,,,
11_RightCA1_2,49,,,,,,,,
11_RightCA1_3,41,,,,,,,,
11_RightCA3_1,34,,,,,,,,
11_RightCA3_2,41,,,,,,,,
11_RightCA3_3,41,,,,,,,,
11_RightDG_1a,40,,,,,,,,
11_RightDG_1b,29,,,,,,,,
11_RightDG_2a,63,,,,,,,,
11_RightDG_2b,49,,,,,,,,
11_RightDG_3a,60,,,,,,,,
11_RightDG_3b,36,,,,,,,,
13_LeftCA1_1,50,,,,,,,,
13_LeftCA1_2,49,,,,,,,,
13_LeftCA1_3,48,,,,,,,,
13_LeftCA3_1,34,,,,,,,,
13_LeftCA3_2,42,,,,,,,,
13_LeftCA3_3,30,,,,,,,,
13_LeftDG_1a,48,,,,,,,,
13_LeftDG_1b,31,,,,,,,,
13_LeftDG_2a,46,,,,,,,,
13_LeftDG_2b,37,,,,,,,,
13_LeftDG_3a,60,,,,,,,,
13_LeftDG_3b,30,,,,,,,,
13_RightCA1_1,48,,,,,,,,
13_RightCA1_2,51,,,,,,,,
13_RightCA1_3,43,,,,,,,,
13_RightCA3_1,33,,,,,,,,
13_RightCA3_2,40,,,,,,,,
13_RightCA3_3,38,,,,,,,,
13_RightDG_1a,37,,,,,,,,
13_RightDG_1b,36,,,,,,,,
13_RightDG_2a,51,,,,,,,,
13_RightDG_2b,34,,,,,,,,
13_RightDG_3a,60,,,,,,,,
13_RightDG_3b,30,,,,,,,,
15_LeftCA1_1,48,,,,,,,,
15_LeftCA1_2,46,,,,,,,,
15_LeftCA1_3,43,,,,,,,,
15_LeftCA3_1,20,,,,,,,,
15_LeftCA3_2,32,,,,,,,,
15_LeftCA3_3,27,,,,,,,,
15_LeftDG_1a,60,,,,,,,,
15_LeftDG_1b,36,,,,,,,,
15_LeftDG_2a,60,,,,,,,,
15_LeftDG_2b,33,,,,,,,,
15_LeftDG_3a,53,,,,,,,,
15_LeftDG_3b,33,,,,,,,,
15_RightCA1_1,43,,,,,,,,
15_RightCA1_2,51,,,,,,,,
15_RightCA1_3,40,,,,,,,,
15_RightCA3_1,29,,,,,,,,
15_RightCA3_2,33,,,,,,,,
15_RightCA3_3,31,,,,,,,,
15_RightDG_1a,52,,,,,,,,
15_RightDG_1b,32,,,,,,,,
15_RightDG_2a,49,,,,,,,,
15_RightDG_2b,33,,,,,,,,
15_RightDG_3a,57,,,,,,,,
15_RightDG_3b,29,,,,,,,,
36_LeftCA1_1,50,,,,,,,,
36_LeftCA1_2,47,,,,,,,,
36_LeftCA1_3,51,,,,,,,,
36_LeftCA3_1,36,,,,,,,,
36_LeftCA3_2,40,,,,,,,,
36_LeftCA3_3,44,,,,,,,,
36_LeftDG_1a,68,,,,,,,,
36_LeftDG_1b,39,,,,,,,,
36_LeftDG_2a,67,,,,,,,,
36_LeftDG_2b,32,,,,,,,,
36_LeftDG_3a,68,,,,,,,,
36_LeftDG_3b,32,,,,,,,,
36_RightCA1_1,44,,,,,,,,
36_RightCA1_2,50,,,,,,,,
36_RightCA1_3,36,,,,,,,,
36_RightCA3_1,41,,,,,,,,
36_RightCA3_2,34,,,,,,,,
36_RightCA3_3,35,,,,,,,,
36_RightDG_1a,55,,,,,,,,
36_RightDG_1b,33,,,,,,,,
36_RightDG_2a,74,,,,,,,,
36_RightDG_2b,32,,,,,,,,
36_RightDG_3a,60,,,,,,,,
36_RightDG_3b,28,,,,,,,,
38_LeftCA1_1,57,,,,,,,,
38_LeftCA1_2,50,,,,,,,,
38_LeftCA1_3,40,,,,,,,,
38_LeftCA3_1,37,,,,,,,,
38_LeftCA3_2,39,,,,,,,,
38_LeftCA3_3,32,,,,,,,,
38_LeftDG_1a,45,,,,,,,,
38_LeftDG_1b,50,,,,,,,,
38_LeftDG_2a,58,,,,,,,,
38_LeftDG_2b,39,,,,,,,,
38_LeftDG_3a,63,,,,,,,,
38_LeftDG_3b,34,,,,,,,,
38_RightCA1_1,50,,,,,,,,
38_RightCA1_2,52,,,,,,,,
38_RightCA1_3,51,,,,,,,,
38_RightCA3_1,39,,,,,,,,
38_RightCA3_2,28,,,,,,,,
38_RightCA3_3,33,,,,,,,,
38_RightDG_1a,47,,,,,,,,
38_RightDG_1b,46,,,,,,,,
38_RightDG_2a,69,,,,,,,,
38_RightDG_2b,35,,,,,,,,
38_RightDG_3a,51,,,,,,,,
38_RightDG_3b,30,,,,,,,,
40_LeftCA1_1,46,,,,,,,,
40_LeftCA1_2,49,,,,,,,,
40_LeftCA1_3,58,,,,,,,,
40_LeftCA3_1,39,,,,,,,,
40_LeftCA3_2,34,,,,,,,,
40_LeftCA3_3,41,,,,,,,,
40_LeftDG_1a,61,,,,,,,,
40_LeftDG_1b,33,,,,,,,,
40_LeftDG_2a,64,,,,,,,,
40_LeftDG_2b,46,,,,,,,,
40_LeftDG_3a,64,,,,,,,,
40_LeftDG_3b,31,,,,,,,,
40_RightCA1_1,50,,,,,,,,
40_RightCA1_2,48,,,,,,,,
40_RightCA1_3,51,,,,,,,,
40_RightCA3_1,32,,,,,,,,
40_RightCA3_2,35,,,,,,,,
40_RightCA3_3,43,,,,,,,,
40_RightDG_1a,59,,,,,,,,
40_RightDG_1b,31,,,,,,,,
40_RightDG_2a,68,,,,,,,,
40_RightDG_2b,33,,,,,,,,
40_RightDG_3a,49,,,,,,,,
40_RightDG_3b,33,,,,,,,,
51_LeftCA1_1,50,,,,,,,,
51_LeftCA1_2,40,,,,,,,,
51_LeftCA1_3,48,,,,,,,,
51_LeftCA3_1,36,,,,,,,,
51_LeftCA3_2,41,,,,,,,,
51_LeftCA3_3,40,,,,,,,,
51_LeftDG_1a,60,,,,,,,,
51_LeftDG_1b,34,,,,,,,,
51_LeftDG_2a,63,,,,,,,,
51_LeftDG_2b,30,,,,,,,,
51_LeftDG_3a,74,,,,,,,,
51_LeftDG_3b,30,,,,,,,,
51_RightCA1_1,45,,,,,,,,
51_RightCA1_2,48,,,,,,,,
51_RightCA1_3,50,,,,,,,,
51_RightCA3_1,33,,,,,,,,
51_RightCA3_2,33,,,,,,,,
51_RightCA3_3,36,,,,,,,,
51_RightDG_1a,56,,,,,,,,
51_RightDG_1b,36,,,,,,,,
51_RightDG_2a,45,,,,,,,,
51_RightDG_2b,35,,,,,,,,
51_RightDG_3a,54,,,,,,,,
51_RightDG_3b,33,,,,,,,,
53_LeftCA1_1,45,,,,,,,,
53_LeftCA1_2,41,,,,,,,,
53_LeftCA1_3,44,,,,,,,,
53_LeftCA3_1,35,,,,,,,,
53_LeftCA3_2,39,,,,,,,,
53_LeftCA3_3,36,,,,,,,,
53_LeftDG_1a,50,,,,,,,,
53_LeftDG_1b,30,,,,,,,,
53_LeftDG_2a,75,,,,,,,,
53_LeftDG_2b,38,,,,,,,,
53_LeftDG_3a,65,,,,,,,,
53_LeftDG_3b,30,,,,,,,,
53_RightCA1_1,50,,,,,,,,
53_RightCA1_2,47,,,,,,,,
53_RightCA1_3,49,,,,,,,,
53_RightCA3_1,39,,,,,,,,
53_RightCA3_2,42,,,,,,,,
53_RightCA3_3,31,,,,,,,,
53_RightDG_1a,71,,,,,,,,
53_RightDG_1b,47,,,,,,,,
53_RightDG_2a,68,,,,,,,,
53_RightDG_2b,34,,,,,,,,
53_RightDG_3a,77,,,,,,,,
53_RightDG_3b,47,,,,,,,,
55_LeftCA1_1,50,,,,,,,,
55_LeftCA1_2,44,,,,,,,,
55_LeftCA1_3,56,,,,,,,,
55_LeftCA3_1,37,,,,,,,,
55_LeftCA3_2,41,,,,,,,,
55_LeftCA3_3,45,,,,,,,,
55_LeftDG_1a,53,,,,,,,,
55_LeftDG_1b,48,,,,,,,,
55_LeftDG_2a,52,,,,,,,,
55_LeftDG_2b,43,,,,,,,,
55_LeftDG_3a,51,,,,,,,,
55_LeftDG_3b,40,,,,,,,,
55_RightCA1_1,44,,,,,,,,
55_RightCA1_2,45,,,,,,,,
55_RightCA1_3,47,,,,,,,,
55_RightCA3_1,34,,,,,,,,
55_RightCA3_2,39,,,,,,,,
55_RightCA3_3,38,,,,,,,,
55_RightDG_1a,60,,,,,,,,
55_RightDG_1b,39,,,,,,,,
55_RightDG_2a,70,,,,,,,,
55_RightDG_2b,47,,,,,,,,
55_RightDG_3a,42,,,,,,,,
55_RightDG_3b,46,,,,,,,,
72_LeftCA1_1,46,,,,,,,,
72_LeftCA1_2,45,,,,,,,,
72_LeftCA1_3,48,,,,,,,,
72_LeftCA3_1,53,,,,,,,,
72_LeftCA3_2,52,,,,,,,,
72_LeftCA3_3,40,,,,,,,,
72_LeftDG_1a,57,,,,,,,,
72_LeftDG_1b,46,,,,,,,,
72_LeftDG_2a,53,,,,,,,,
72_LeftDG_2b,47,,,,,,,,
72_LeftDG_3a,54,,,,,,,,
72_LeftDG_3b,36,,,,,,,,
72_RightCA1_1,46,,,,,,,,
72_RightCA1_2,41,,,,,,,,
72_RightCA1_3,42,,,,,,,,
72_RightCA3_1,34,,,,,,,,
72_RightCA3_2,41,,,,,,,,
72_RightCA3_3,35,,,,,,,,
72_RightDG_1a,49,,,,,,,,
72_RightDG_1b,37,,,,,,,,
72_RightDG_2a,48,,,,,,,,
72_RightDG_2b,55,,,,,,,,
72_RightDG_3a,41,,,,,,,,
72_RightDG_3b,37,,,,,,,,
74_LeftCA1_1,59,,,,,,,,
74_LeftCA1_2,66,,,,,,,,
74_LeftCA1_3,61,,,,,,,,
74_LeftCA3_1,56,,,,,,,,
74_LeftCA3_2,46,,,,,,,,
74_LeftCA3_3,48,,,,,,,,
74_LeftDG_1a,72,,,,,,,,
74_LeftDG_1b,51,,,,,,,,
74_LeftDG_2a,53,,,,,,,,
74_LeftDG_2b,45,,,,,,,,
74_LeftDG_3a,63,,,,,,,,
74_LeftDG_3b,53,,,,,,,,
74_RightCA1_1,70,,,,,,,,
74_RightCA1_2,70,,,,,,,,
74_RightCA1_3,47,,,,,,,,
74_RightCA3_1,44,,,,,,,,
74_RightCA3_2,56,,,,,,,,
74_RightCA3_3,56,,,,,,,,
74_RightDG_1a,60,,,,,,,,
74_RightDG_1b,46,,,,,,,,
74_RightDG_2a,54,,,,,,,,
74_RightDG_2b,45,,,,,,,,
74_RightDG_3a,48,,,,,,,,
74_RightDG_3b,39,,,,,,,,
76_LeftCA1_1,59,,,,,,,,
76_LeftCA1_2,69,,,,,,,,
76_LeftCA1_3,60,,,,,,,,
76_LeftCA3_1,39,,,,,,,,
76_LeftCA3_2,45,,,,,,,,
76_LeftCA3_3,41,,,,,,,,
76_LeftDG_1a,57,,,,,,,,
76_LeftDG_1b,39,,,,,,,,
76_LeftDG_2a,83,,,,,,,,
76_LeftDG_2b,48,,,,,,,,
76_LeftDG_3a,41,,,,,,,,
76_LeftDG_3b,45,,,,,,,,
76_RightCA1_1,57,,,,,,,,
76_RightCA1_2,59,,,,,,,,
76_RightCA1_3,57,,,,,,,,
76_RightCA3_1,43,,,,,,,,
76_RightCA3_2,46,,,,,,,,
76_RightCA3_3,45,,,,,,,,
76_RightDG_1a,59,,,,,,,,
76_RightDG_1b,39,,,,,,,,
76_RightDG_2a,42,,,,,,,,
76_RightDG_2b,30,,,,,,,,
76_RightDG_3a,53,,,,,,,,
76_RightDG_3b,37,,,,,,,,
87_LeftCA1_1,88,,,,,,,,
87_LeftCA1_2,65,,,,,,,,
87_LeftCA1_3,59,,,,,,,,
87_LeftCA3_1,53,,,,,,,,
87_LeftCA3_2,49,,,,,,,,
87_LeftCA3_3,40,,,,,,,,
87_LeftDG_1a,72,,,,,,,,
87_LeftDG_1b,40,,,,,,,,
87_LeftDG_2a,56,,,,,,,,
87_LeftDG_2b,33,,,,,,,,
87_LeftDG_3a,56,,,,,,,,
87_LeftDG_3b,45,,,,,,,,
87_RightCA1_1,95,,,,,,,,
87_RightCA1_2,78,,,,,,,,
87_RightCA1_3,65,,,,,,,,
87_RightCA3_1,64,,,,,,,,
87_RightCA3_2,59,,,,,,,,
87_RightCA3_3,50,,,,,,,,
87_RightDG_1a,54,,,,,,,,
87_RightDG_1b,45,,,,,,,,
87_RightDG_2a,67,,,,,,,,
87_RightDG_2b,43,,,,,,,,
87_RightDG_3a,55,,,,,,,,
87_RightDG_3b,35,,,,,,,,
89_LeftCA1_1,78,,,,,,,,
89_LeftCA1_2,87,,,,,,,,
89_LeftCA1_3,96,,,,,,,,
89_LeftCA3_1,69,,,,,,,,
89_LeftCA3_2,96,,,,,,,,
89_LeftCA3_3,71,,,,,,,,
89_LeftDG_1a,86,,,,,,,,
89_LeftDG_1b,59,,,,,,,,
89_LeftDG_2a,105,,,,,,,,
89_LeftDG_2b,47,,,,,,,,
89_LeftDG_3a,93,,,,,,,,
89_LeftDG_3b,51,,,,,,,,
89_RightCA1_1,76,,,,,,,,
89_RightCA1_2,106,,,,,,,,
89_RightCA1_3,66,,,,,,,,
89_RightCA3_1,47,,,,,,,,
89_RightCA3_2,69,,,,,,,,
89_RightCA3_3,54,,,,,,,,
89_RightDG_1a,65,,,,,,,,
89_RightDG_1b,42,,,,,,,,
89_RightDG_2a,83,,,,,,,,
89_RightDG_2b,52,,,,,,,,
89_RightDG_3a,58,,,,,,,,
89_RightDG_3b,52,,,,,,,,
91_LeftCA1_1,67,,,,,,,,
91_LeftCA1_2,60,,,,,,,,
91_LeftCA1_3,34,,,,,,,,
91_LeftCA3_1,38,,,,,,,,
91_LeftCA3_2,60,,,,,,,,
91_LeftCA3_3,49,,,,,,,,
91_LeftDG_1a,63,,,,,,,,
91_LeftDG_1b,63,,,,,,,,
91_LeftDG_2a,74,,,,,,,,
91_LeftDG_2b,70,,,,,,,,
91_LeftDG_3a,51,,,,,,,,
91_LeftDG_3b,39,,,,,,,,
91_RightCA1_1,75,,,,,,,,
91_RightCA1_2,70,,,,,,,,
91_RightCA1_3,54,,,,,,,,
91_RightCA3_1,44,,,,,,,,
91_RightCA3_2,48,,,,,,,,
91_RightCA3_3,50,,,,,,,,
91_RightDG_1a,63,,,,,,,,
91_RightDG_1b,57,,,,,,,,
91_RightDG_2a,80,,,,,,,,
91_RightDG_2b,62,,,,,,,,
91_RightDG_3a,48,,,,,,,,
91_RightDG_3b,46,,,,,,,,
118_LeftCA1_1,57,,,,,,,,
118_LeftCA1_2,49,,,,,,,,
118_LeftCA1_3,56,,,,,,,,
118_LeftCA3_1,57,,,,,,,,
118_LeftCA3_2,48,,,,,,,,
118_LeftCA3_3,48,,,,,,,,
118_LeftDG_1a,64,,,,,,,,
118_LeftDG_1b,43,,,,,,,,
118_LeftDG_2a,53,,,,,,,,
118_LeftDG_2b,51,,,,,,,,
118_LeftDG_3a,50,,,,,,,,
118_LeftDG_3b,42,,,,,,,,
118_RightCA1_1,52,,,,,,,,
118_RightCA1_2,64,,,,,,,,
118_RightCA1_3,49,,,,,,,,
118_RightCA3_1,55,,,,,,,,
118_RightCA3_2,41,,,,,,,,
118_RightCA3_3,36,,,,,,,,
118_RightDG_1a,63,,,,,,,,
118_RightDG_1b,51,,,,,,,,
118_RightDG_2a,91,,,,,,,,
118_RightDG_2b,44,,,,,,,,
118_RightDG_3a,48,,,,,,,,
118_RightDG_3b,44,,,,,,,,
120_LeftCA1_1,60,,,,,,,,
120_LeftCA1_2,45,,,,,,,,
120_LeftCA1_3,57,,,,,,,,
120_LeftCA3_1,52,,,,,,,,
120_LeftCA3_2,39,,,,,,,,
120_LeftCA3_3,42,,,,,,,,
120_LeftDG_1a,39,,,,,,,,
120_LeftDG_1b,40,,,,,,,,
120_LeftDG_2a,48,,,,,,,,
120_LeftDG_2b,38,,,,,,,,
120_LeftDG_3a,36,,,,,,,,
120_LeftDG_3b,35,,,,,,,,
120_RightCA1_1,46,,,,,,,,
120_RightCA1_2,58,,,,,,,,
120_RightCA1_3,71,,,,,,,,
120_RightCA3_1,43,,,,,,,,
120_RightCA3_2,46,,,,,,,,
120_RightCA3_3,41,,,,,,,,
120_RightDG_1a,33,,,,,,,,
120_RightDG_1b,27,,,,,,,,
120_RightDG_2a,56,,,,,,,,
120_RightDG_2b,46,,,,,,,,
120_RightDG_3a,56,,,,,,,,
120_RightDG_3b,44,,,,,,,,
123_LeftCA1_1,57,,,,,,,,
123_LeftCA1_2,60,,,,,,,,
123_LeftCA1_3,55,,,,,,,,
123_LeftCA3_1,46,,,,,,,,
123_LeftCA3_2,48,,,,,,,,
123_LeftCA3_3,59,,,,,,,,
123_LeftDG_1a,34,,,,,,,,
123_LeftDG_1b,41,,,,,,,,
123_LeftDG_2a,48,,,,,,,,
123_LeftDG_2b,52,,,,,,,,
123_LeftDG_3a,44,,,,,,,,
123_LeftDG_3b,70,,,,,,,,
123_RightCA1_1,63,,,,,,,,
123_RightCA1_2,44,,,,,,,,
123_RightCA1_3,59,,,,,,,,
123_RightCA3_1,53,,,,,,,,
123_RightCA3_2,50,,,,,,,,
123_RightCA3_3,51,,,,,,,,
123_RightDG_1a,43,,,,,,,,
123_RightDG_1b,50,,,,,,,,
123_RightDG_2a,38,,,,,,,,
123_RightDG_2b,43,,,,,,,,
123_RightDG_3a,56,,,,,,,,
123_RightDG_3b,60,,,,,,,,
125_LeftCA1_1,43,,,,,,,,
125_LeftCA1_2,71,,,,,,,,
125_LeftCA1_3,67,,,,,,,,
125_LeftCA3_1,55,,,,,,,,
125_LeftCA3_2,54,,,,,,,,
125_LeftCA3_3,56,,,,,,,,
125_LeftDG_1a,69,,,,,,,,
125_LeftDG_1b,51,,,,,,,,
125_LeftDG_2a,53,,,,,,,,
125_LeftDG_2b,39,,,,,,,,
125_LeftDG_3a,50,,,,,,,,
125_LeftDG_3b,57,,,,,,,,
125_RightCA1_1,45,,,,,,,,
125_RightCA1_2,53,,,,,,,,
125_RightCA1_3,59,,,,,,,,
125_RightCA3_1,46,,,,,,,,
125_RightCA3_2,54,,,,,,,,
125_RightCA3_3,51,,,,,,,,
125_RightDG_1a,40,,,,,,,,
125_RightDG_1b,47,,,,,,,,
125_RightDG_2a,58,,,,,,,,
125_RightDG_2b,51,,,,,,,,
125_RightDG_3a,70,,,,,,,,
125_RightDG_3b,70,,,,,,,,
127_LeftCA1_1,62,,,,,,,,
127_LeftCA1_2,58,,,,,,,,
127_LeftCA1_3,42,,,,,,,,
127_LeftCA3_1,42,,,,,,,,
127_LeftCA3_2,56,,,,,,,,
127_LeftCA3_3,41,,,,,,,,
127_LeftDG_1a,60,,,,,,,,
127_LeftDG_1b,44,,,,,,,,
127_LeftDG_2a,76,,,,,,,,
127_LeftDG_2b,52,,,,,,,,
127_LeftDG_3a,41,,,,,,,,
127_LeftDG_3b,49,,,,,,,,
127_RightCA1_1,67,,,,,,,,
127_RightCA1_2,58,,,,,,,,
127_RightCA1_3,46,,,,,,,,
127_RightCA3_1,47,,,,,,,,
127_RightCA3_2,49,,,,,,,,
127_RightCA3_3,49,,,,,,,,
127_RightDG_1a,64,,,,,,,,
127_RightDG_1b,56,,,,,,,,
127_RightDG_2a,52,,,,,,,,
127_RightDG_2b,48,,,,,,,,
127_RightDG_3a,40,,,,,,,,
127_RightDG_3b,49,,,,,,,,
150_LeftCA1_1,40,,,,,,,,
150_LeftCA1_2,35,,,,,,,,
150_LeftCA1_3,42,,,,,,,,
150_LeftCA3_1,46,,,,,,,,
150_LeftCA3_2,44,,,,,,,,
150_LeftCA3_3,51,,,,,,,,
150_LeftDG_1a,64,,,,,,,,
150_LeftDG_1b,47,,,,,,,,
150_LeftDG_2a,40,,,,,,,,
150_LeftDG_2b,43,,,,,,,,
150_LeftDG_3a,46,,,,,,,,
150_LeftDG_3b,41,,,,,,,,
150_RightCA1_1,58,,,,,,,,
150_RightCA1_2,44,,,,,,,,
150_RightCA1_3,56,,,,,,,,
150_RightCA3_1,51,,,,,,,,
150_RightCA3_2,61,,,,,,,,
150_RightCA3_3,56,,,,,,,,
150_RightDG_1a,49,,,,,,,,
150_RightDG_1b,34,,,,,,,,
150_RightDG_2a,51,,,,,,,,
150_RightDG_2b,44,,,,,,,,
150_RightDG_3a,62,,,,,,,,
150_RightDG_3b,38,,,,,,,,
1_LeftCA1_1,59,,,,,,,,
1_LeftCA1_2,50,,,,,,,,
1_LeftCA1_3,71,,,,,,,,
1_LeftCA3_1,52,,,,,,,,
1_LeftCA3_2,47,,,,,,,,
1_LeftCA3_3,61,,,,,,,,
1_LeftDG_1a,65,,,,,,,,
1_LeftDG_1b,41,,,,,,,,
1_LeftDG_2a,52,,,,,,,,
1_LeftDG_2b,42,,,,,,,,
1_LeftDG_3a,38,,,,,,,,
1_LeftDG_3b,51,,,,,,,,
1_RightCA1_1,61,,,,,,,,
1_RightCA1_2,59,,,,,,,,
1_RightCA1_3,55,,,,,,,,
1_RightCA3_1,51,,,,,,,,
1_RightCA3_2,53,,,,,,,,
1_RightCA3_3,47,,,,,,,,
1_RightDG_1a,59,,,,,,,,
1_RightDG_1b,57,,,,,,,,
1_RightDG_2a,57,,,,,,,,
1_RightDG_2b,46,,,,,,,,
1_RightDG_3a,43,,,,,,,,
1_RightDG_3b,49,,,,,,,,
2_LeftCA1_1,49,,,,,,,,
2_LeftCA1_2,54,,,,,,,,
2_LeftCA1_3,54,,,,,,,,
2_LeftCA3_1,36,,,,,,,,
2_LeftCA3_2,49,,,,,,,,
2_LeftCA3_3,51,,,,,,,,
2_LeftDG_1a,55,,,,,,,,
2_LeftDG_1b,29,,,,,,,,
2_LeftDG_2a,54,,,,,,,,
2_LeftDG_2b,49,,,,,,,,
2_LeftDG_3a,45,,,,,,,,
2_LeftDG_3b,37,,,,,,,,
2_RightCA1_1,45,,,,,,,,
2_RightCA1_2,58,,,,,,,,
2_RightCA1_3,53,,,,,,,,
2_RightCA3_1,38,,,,,,,,
2_RightCA3_2,48,,,,,,,,
2_RightCA3_3,42,,,,,,,,
2_RightDG_1a,34,,,,,,,,
2_RightDG_1b,26,,,,,,,,
2_RightDG_2a,53,,,,,,,,
2_RightDG_2b,53,,,,,,,,
2_RightDG_3a,43,,,,,,,,
2_RightDG_3b,34,,,,,,,,
3_LeftCA1_1,56,,,,,,,,
3_LeftCA1_2,47,,,,,,,,
3_LeftCA1_3,58,,,,,,,,
3_LeftCA3_1,43,,,,,,,,
3_LeftCA3_2,41,,,,,,,,
3_LeftCA3_3,44,,,,,,,,
3_LeftDG_1a,46,,,,,,,,
3_LeftDG_1b,36,,,,,,,,
3_LeftDG_2a,40,,,,,,,,
3_LeftDG_2b,31,,,,,,,,
3_LeftDG_3a,43,,,,,,,,
3_LeftDG_3b,47,,,,,,,,
3_RightCA1_1,66,,,,,,,,
3_RightCA1_2,45,,,,,,,,
3_RightCA1_3,51,,,,,,,,
3_RightCA3_1,46,,,,,,,,
3_RightCA3_2,39,,,,,,,,
3_RightCA3_3,36,,,,,,,,
3_RightDG_1a,59,,,,,,,,
3_RightDG_1b,50,,,,,,,,
3_RightDG_2a,35,,,,,,,,
3_RightDG_2b,28,,,,,,,,
3_RightDG_3a,52,,,,,,,,
3_RightDG_3b,43,,,,,,,,
4_LeftCA1_1,57,,,,,,,,
4_LeftCA1_2,48,,,,,,,,
4_LeftCA1_3,47,,,,,,,,
4_LeftCA3_1,50,,,,,,,,
4_LeftCA3_2,40,,,,,,,,
4_LeftCA3_3,43,,,,,,,,
4_LeftDG_1a,89,,,,,,,,
4_LeftDG_1b,36,,,,,,,,
4_LeftDG_2a,71,,,,,,,,
4_LeftDG_2b,28,,,,,,,,
4_LeftDG_3a,81,,,,,,,,
4_LeftDG_3b,50,,,,,,,,
4_RightCA1_1,70,,,,,,,,
4_RightCA1_2,45,,,,,,,,
4_RightCA1_3,58,,,,,,,,
4_RightCA3_1,43,,,,,,,,
4_RightCA3_2,50,,,,,,,,
4_RightCA3_3,34,,,,,,,,
4_RightDG_1a,50,,,,,,,,
4_RightDG_1b,37,,,,,,,,
4_RightDG_2a,40,,,,,,,,
4_RightDG_2b,31,,,,,,,,
4_RightDG_3a,82,,,,,,,,
4_RightDG_3b,32,,,,,,,,
5_LeftCA1_1,45,,,,,,,,
5_LeftCA1_2,39,,,,,,,,
5_LeftCA1_3,49,,,,,,,,
5_LeftCA3_1,30,,,,,,,,
5_LeftCA3_2,36,,,,,,,,
5_LeftCA3_3,41,,,,,,,,
5_LeftDG_1a,56,,,,,,,,
5_LeftDG_1b,35,,,,,,,,
5_LeftDG_2a,42,,,,,,,,
5_LeftDG_2b,38,,,,,,,,
5_LeftDG_3a,59,,,,,,,,
5_LeftDG_3b,30,,,,,,,,
5_RightCA1_1,50,,,,,,,,
5_RightCA1_2,48,,,,,,,,
5_RightCA1_3,44,,,,,,,,
5_RightCA3_1,30,,,,,,,,
5_RightCA3_2,41,,,,,,,,
5_RightCA3_3,43,,,,,,,,
5_RightDG_1a,62,,,,,,,,
5_RightDG_1b,35,,,,,,,,
5_RightDG_2a,50,,,,,,,,
5_RightDG_2b,46,,,,,,,,
5_RightDG_3a,40,,,,,,,,
5_RightDG_3b,32,,,,,,,,
7_LeftCA1_1,52,,,,,,,,
7_LeftCA1_2,55,,,,,,,,
7_LeftCA1_3,58,,,,,,,,
7_LeftCA3_1,51,,,,,,,,
7_LeftCA3_2,56,,,,,,,,
7_LeftCA3_3,46,,,,,,,,
7_LeftDG_1a,70,,,,,,,,
7_LeftDG_1b,45,,,,,,,,
7_LeftDG_2a,49,,,,,,,,
7_LeftDG_2b,37,,,,,,,,
7_LeftDG_3a,77,,,,,,,,
7_LeftDG_3b,46,,,,,,,,
7_RightCA1_1,63,,,,,,,,
7_RightCA1_2,53,,,,,,,,
7_RightCA1_3,59,,,,,,,,
7_RightCA3_1,45,,,,,,,,
7_RightCA3_2,41,,,,,,,,
7_RightCA3_3,37,,,,,,,,
7_RightDG_1a,62,,,,,,,,
7_RightDG_1b,37,,,,,,,,
7_RightDG_2a,76,,,,,,,,
7_RightDG_2b,50,,,,,,,,
7_RightDG_3a,62,,,,,,,,
7_RightDG_3b,42,,,,,,,,
32_LeftCA1_1,60,,,,,,,,
32_LeftCA1_2,44,,,,,,,,
32_LeftCA1_3,52,,,,,,,,
32_LeftCA3_1,47,,,,,,,,
32_LeftCA3_2,35,,,,,,,,
32_LeftCA3_3,45,,,,,,,,
32_LeftDG_1a,45,,,,,,,,
32_LeftDG_1b,30,,,,,,,,
32_LeftDG_2a,53,,,,,,,,
32_LeftDG_2b,39,,,,,,,,
32_LeftDG_3a,46,,,,,,,,
32_LeftDG_3b,37,,,,,,,,
32_RightCA1_1,54,,,,,,,,
32_RightCA1_2,57,,,,,,,,
32_RightCA1_3,50,,,,,,,,
32_RightCA3_1,35,,,,,,,,
32_RightCA3_2,45,,,,,,,,
32_RightCA3_3,32,,,,,,,,
32_RightDG_1a,61,,,,,,,,
32_RightDG_1b,28,,,,,,,,
32_RightDG_2a,66,,,,,,,,
32_RightDG_2b,32,,,,,,,,
32_RightDG_3a,54,,,,,,,,
32_RightDG_3b,42,,,,,,,,
34_LeftCA1_1,47,,,,,,,,
34_LeftCA1_2,55,,,,,,,,
34_LeftCA1_3,57,,,,,,,,
34_LeftCA3_1,45,,,,,,,,
34_LeftCA3_2,45,,,,,,,,
34_LeftCA3_3,36,,,,,,,,
34_LeftDG_1a,60,,,,,,,,
34_LeftDG_1b,42,,,,,,,,
34_LeftDG_2a,67,,,,,,,,
34_LeftDG_2b,45,,,,,,,,
34_LeftDG_3a,62,,,,,,,,
34_LeftDG_3b,38,,,,,,,,
34_RightCA1_1,52,,,,,,,,
34_RightCA1_2,52,,,,,,,,
34_RightCA1_3,54,,,,,,,,
34_RightCA3_1,36,,,,,,,,
34_RightCA3_2,40,,,,,,,,
34_RightCA3_3,36,,,,,,,,
34_RightDG_1a,47,,,,,,,,
34_RightDG_1b,51,,,,,,,,
34_RightDG_2a,54,,,,,,,,
34_RightDG_2b,45,,,,,,,,
34_RightDG_3a,61,,,,,,,,
34_RightDG_3b,45,,,,,,,,
45_LeftCA1_1,60,,,,,,,,
45_LeftCA1_2,68,,,,,,,,
45_LeftCA1_3,61,,,,,,,,
45_LeftCA3_1,48,,,,,,,,
45_LeftCA3_2,48,,,,,,,,
45_LeftCA3_3,53,,,,,,,,
45_LeftDG_1a,75,,,,,,,,
45_LeftDG_1b,54,,,,,,,,
45_LeftDG_2a,56,,,,,,,,
45_LeftDG_2b,54,,,,,,,,
45_LeftDG_3a,50,,,,,,,,
45_LeftDG_3b,44,,,,,,,,
45_RightCA1_1,65,,,,,,,,
45_RightCA1_2,72,,,,,,,,
45_RightCA1_3,55,,,,,,,,
45_RightCA3_1,53,,,,,,,,
45_RightCA3_2,54,,,,,,,,
45_RightCA3_3,45,,,,,,,,
45_RightDG_1a,68,,,,,,,,
45_RightDG_1b,52,,,,,,,,
45_RightDG_2a,58,,,,,,,,
45_RightDG_2b,50,,,,,,,,
45_RightDG_3a,52,,,,,,,,
45_RightDG_3b,51,,,,,,,,
47_LeftCA1_1,61,,,,,,,,
47_LeftCA1_2,56,,,,,,,,
47_LeftCA1_3,59,,,,,,,,
47_LeftCA3_1,51,,,,,,,,
47_LeftCA3_2,48,,,,,,,,
47_LeftCA3_3,43,,,,,,,,
47_LeftDG_1a,64,,,,,,,,
47_LeftDG_1b,45,,,,,,,,
47_LeftDG_2a,48,,,,,,,,
47_LeftDG_2b,45,,,,,,,,
47_LeftDG_3a,40,,,,,,,,
47_LeftDG_3b,40,,,,,,,,
47_RightCA1_1,56,,,,,,,,
47_RightCA1_2,55,,,,,,,,
47_RightCA1_3,39,,,,,,,,
47_RightCA3_1,35,,,,,,,,
47_RightCA3_2,36,,,,,,,,
47_RightCA3_3,42,,,,,,,,
47_RightDG_1a,55,,,,,,,,
47_RightDG_1b,41,,,,,,,,
47_RightDG_2a,42,,,,,,,,
47_RightDG_2b,37,,,,,,,,
47_RightDG_3a,42,,,,,,,,
47_RightDG_3b,35,,,,,,,,
49_LeftCA1_1,49,,,,,,,,
49_LeftCA1_2,47,,,,,,,,
49_LeftCA1_3,66,,,,,,,,
49_LeftCA3_1,42,,,,,,,,
49_LeftCA3_2,39,,,,,,,,
49_LeftCA3_3,39,,,,,,,,
49_LeftDG_1a,61,,,,,,,,
49_LeftDG_1b,43,,,,,,,,
49_LeftDG_2a,71,,,,,,,,
49_LeftDG_2b,38,,,,,,,,
49_LeftDG_3a,57,,,,,,,,
49_LeftDG_3b,49,,,,,,,,
49_RightCA1_1,50,,,,,,,,
49_RightCA1_2,39,,,,,,,,
49_RightCA1_3,70,,,,,,,,
49_RightCA3_1,42,,,,,,,,
49_RightCA3_2,40,,,,,,,,
49_RightCA3_3,41,,,,,,,,
49_RightDG_1a,69,,,,,,,,
49_RightDG_1b,50,,,,,,,,
49_RightDG_2a,67,,,,,,,,
49_RightDG_2b,43,,,,,,,,
49_RightDG_3a,50,,,,,,,,
49_RightDG_3b,42,,,,,,,,
66_LeftCA1_1,75,,,,,,,,
66_LeftCA1_2,72,,,,,,,,
66_LeftCA1_3,65,,,,,,,,
66_LeftCA3_1,64,,,,,,,,
66_LeftCA3_2,66,,,,,,,,
66_LeftCA3_3,59,,,,,,,,
66_LeftDG_1a,64,,,,,,,,
66_LeftDG_1b,67,,,,,,,,
66_LeftDG_2a,67,,,,,,,,
66_LeftDG_2b,61,,,,,,,,
66_LeftDG_3a,58,,,,,,,,
66_LeftDG_3b,51,,,,,,,,
66_RightCA1_1,66,,,,,,,,
66_RightCA1_2,53,,,,,,,,
66_RightCA1_3,58,,,,,,,,
66_RightCA3_1,54,,,,,,,,
66_RightCA3_2,52,,,,,,,,
66_RightCA3_3,56,,,,,,,,
66_RightDG_1a,60,,,,,,,,
66_RightDG_1b,53,,,,,,,,
66_RightDG_2a,60,,,,,,,,
66_RightDG_2b,51,,,,,,,,
66_RightDG_3a,56,,,,,,,,
66_RightDG_3b,63,,,,,,,,
68_LeftCA1_1,57,,,,,,,,
68_LeftCA1_2,88,,,,,,,,
68_LeftCA1_3,80,,,,,,,,
68_LeftCA3_1,64,,,,,,,,
68_LeftCA3_2,60,,,,,,,,
68_LeftCA3_3,69,,,,,,,,
68_LeftDG_1a,70,,,,,,,,
68_LeftDG_1b,62,,,,,,,,
68_LeftDG_2a,78,,,,,,,,
68_LeftDG_2b,63,,,,,,,,
68_LeftDG_3a,72,,,,,,,,
68_LeftDG_3b,65,,,,,,,,
68_RightCA1_1,69,,,,,,,,
68_RightCA1_2,83,,,,,,,,
68_RightCA1_3,79,,,,,,,,
68_RightCA3_1,58,,,,,,,,
68_RightCA3_2,75,,,,,,,,
68_RightCA3_3,63,,,,,,,,
68_RightDG_1a,82,,,,,,,,
68_RightDG_1b,75,,,,,,,,
68_RightDG_2a,83,,,,,,,,
68_RightDG_2b,89,,,,,,,,
68_RightDG_3a,86,,,,,,,,
68_RightDG_3b,64,,,,,,,,
70_LeftCA1_1,39,,,,,,,,
70_LeftCA1_2,37,,,,,,,,
70_LeftCA1_3,39,,,,,,,,
70_LeftCA3_1,33,,,,,,,,
70_LeftCA3_2,41,,,,,,,,
70_LeftCA3_3,41,,,,,,,,
70_LeftDG_1a,34,,,,,,,,
70_LeftDG_1b,34,,,,,,,,
70_LeftDG_2a,44,,,,,,,,
70_LeftDG_2b,33,,,,,,,,
70_LeftDG_3a,35,,,,,,,,
70_LeftDG_3b,21,,,,,,,,
70_RightCA1_1,38,,,,,,,,
70_RightCA1_2,40,,,,,,,,
70_RightCA1_3,45,,,,,,,,
70_RightCA3_1,38,,,,,,,,
70_RightCA3_2,37,,,,,,,,
70_RightCA3_3,32,,,,,,,,
70_RightDG_1a,38,,,,,,,,
70_RightDG_1b,25,,,,,,,,
70_RightDG_2a,44,,,,,,,,
70_RightDG_2b,29,,,,,,,,
70_RightDG_3a,26,,,,,,,,
70_RightDG_3b,24,,,,,,,,
81_LeftCA1_1,50,,,,,,,,
81_LeftCA1_2,50,,,,,,,,
81_LeftCA1_3,65,,,,,,,,
81_LeftCA3_1,54,,,,,,,,
81_LeftCA3_2,44,,,,,,,,
81_LeftCA3_3,49,,,,,,,,
81_LeftDG_1a,30,,,,,,,,
81_LeftDG_1b,30,,,,,,,,
81_LeftDG_2a,34,,,,,,,,
81_LeftDG_2b,32,,,,,,,,
81_LeftDG_3a,55,,,,,,,,
81_LeftDG_3b,41,,,,,,,,
81_RightCA1_1,54,,,,,,,,
81_RightCA1_2,45,,,,,,,,
81_RightCA1_3,52,,,,,,,,
81_RightCA3_1,52,,,,,,,,
81_RightCA3_2,34,,,,,,,,
81_RightCA3_3,47,,,,,,,,
81_RightDG_1a,42,,,,,,,,
81_RightDG_1b,24,,,,,,,,
81_RightDG_2a,36,,,,,,,,
81_RightDG_2b,28,,,,,,,,
81_RightDG_3a,42,,,,,,,,
81_RightDG_3b,40,,,,,,,,
83_LeftCA1_1,54,,,,,,,,
83_LeftCA1_2,56,,,,,,,,
83_LeftCA1_3,54,,,,,,,,
83_LeftCA3_1,46,,,,,,,,
83_LeftCA3_2,49,,,,,,,,
83_LeftCA3_3,52,,,,,,,,
83_LeftDG_1a,58,,,,,,,,
83_LeftDG_1b,56,,,,,,,,
83_LeftDG_2a,43,,,,,,,,
83_LeftDG_2b,48,,,,,,,,
83_LeftDG_3a,53,,,,,,,,
83_LeftDG_3b,38,,,,,,,,
83_RightCA1_1,55,,,,,,,,
83_RightCA1_2,47,,,,,,,,
83_RightCA1_3,43,,,,,,,,
83_RightCA3_1,51,,,,,,,,
83_RightCA3_2,46,,,,,,,,
83_RightCA3_3,40,,,,,,,,
83_RightDG_1a,46,,,,,,,,
83_RightDG_1b,53,,,,,,,,
83_RightDG_2a,45,,,,,,,,
83_RightDG_2b,37,,,,,,,,
83_RightDG_3a,46,,,,,,,,
83_RightDG_3b,43,,,,,,,,
85_LeftCA1_1,64,,,,,,,,
85_LeftCA1_2,57,,,,,,,,
85_LeftCA1_3,61,,,,,,,,
85_LeftCA3_1,60,,,,,,,,
85_LeftCA3_2,55,,,,,,,,
85_LeftCA3_3,47,,,,,,,,
85_LeftDG_1a,44,,,,,,,,
85_LeftDG_1b,54,,,,,,,,
85_LeftDG_2a,55,,,,,,,,
85_LeftDG_2b,61,,,,,,,,
85_LeftDG_3a,42,,,,,,,,
85_LeftDG_3b,37,,,,,,,,
85_RightCA1_1,52,,,,,,,,
85_RightCA1_2,64,,,,,,,,
85_RightCA1_3,52,,,,,,,,
85_RightCA3_1,53,,,,,,,,
85_RightCA3_2,55,,,,,,,,
85_RightCA3_3,49,,,,,,,,
85_RightDG_1a,50,,,,,,,,
85_RightDG_1b,60,,,,,,,,
85_RightDG_2a,59,,,,,,,,
85_RightDG_2b,55,,,,,,,,
85_RightDG_3a,63,,,,,,,,
85_RightDG_3b,32,,,,,,,,
110_LeftCA1_1,59,,,,,,,,
110_LeftCA1_2,45,,,,,,,,
110_LeftCA1_3,62,,,,,,,,
110_LeftCA3_1,47,,,,,,,,
110_LeftCA3_2,48,,,,,,,,
110_LeftCA3_3,58,,,,,,,,
110_LeftDG_1a,58,,,,,,,,
110_LeftDG_1b,54,,,,,,,,
110_LeftDG_2a,57,,,,,,,,
110_LeftDG_2b,44,,,,,,,,
110_LeftDG_3a,61,,,,,,,,
110_LeftDG_3b,53,,,,,,,,
110_RightCA1_1,58,,,,,,,,
110_RightCA1_2,52,,,,,,,,
110_RightCA1_3,69,,,,,,,,
110_RightCA3_1,54,,,,,,,,
110_RightCA3_2,53,,,,,,,,
110_RightCA3_3,56,,,,,,,,
110_RightDG_1a,68,,,,,,,,
110_RightDG_1b,58,,,,,,,,
110_RightDG_2a,58,,,,,,,,
110_RightDG_2b,57,,,,,,,,
110_RightDG_3a,82,,,,,,,,
110_RightDG_3b,58,,,,,,,,
112_LeftCA1_1,66,,,,,,,,
112_LeftCA1_2,67,,,,,,,,
112_LeftCA1_3,76,,,,,,,,
112_LeftCA3_1,60,,,,,,,,
112_LeftCA3_2,66,,,,,,,,
112_LeftCA3_3,48,,,,,,,,
112_LeftDG_1a,48,,,,,,,,
112_LeftDG_1b,49,,,,,,,,
112_LeftDG_2a,76,,,,,,,,
112_LeftDG_2b,74,,,,,,,,
112_LeftDG_3a,67,,,,,,,,
112_LeftDG_3b,70,,,,,,,,
112_RightCA1_1,61,,,,,,,,
112_RightCA1_2,71,,,,,,,,
112_RightCA1_3,68,,,,,,,,
112_RightCA3_1,53,,,,,,,,
112_RightCA3_2,66,,,,,,,,
112_RightCA3_3,54,,,,,,,,
112_RightDG_1a,59,,,,,,,,
112_RightDG_1b,55,,,,,,,,
112_RightDG_2a,76,,,,,,,,
112_RightDG_2b,54,,,,,,,,
112_RightDG_3a,60,,,,,,,,
112_RightDG_3b,54,,,,,,,,
114_LeftCA1_1,39,,,,,,,,
114_LeftCA1_2,56,,,,,,,,
114_LeftCA1_3,45,,,,,,,,
114_LeftCA3_1,39,,,,,,,,
114_LeftCA3_2,41,,,,,,,,
114_LeftCA3_3,40,,,,,,,,
114_LeftDG_1a,33,,,,,,,,
114_LeftDG_1b,31,,,,,,,,
114_LeftDG_2a,46,,,,,,,,
114_LeftDG_2b,54,,,,,,,,
114_LeftDG_3a,41,,,,,,,,
114_LeftDG_3b,60,,,,,,,,
114_RightCA1_1,53,,,,,,,,
114_RightCA1_2,67,,,,,,,,
114_RightCA1_3,64,,,,,,,,
114_RightCA3_1,39,,,,,,,,
114_RightCA3_2,47,,,,,,,,
114_RightCA3_3,49,,,,,,,,
114_RightDG_1a,40,,,,,,,,
114_RightDG_1b,40,,,,,,,,
114_RightDG_2a,46,,,,,,,,
114_RightDG_2b,49,,,,,,,,
114_RightDG_3a,54,,,,,,,,
114_RightDG_3b,44,,,,,,,,
117_LeftCA1_1,75,,,,,,,,
117_LeftCA1_2,90,,,,,,,,
117_LeftCA1_3,85,,,,,,,,
117_LeftCA3_1,65,,,,,,,,
117_LeftCA3_2,83,,,,,,,,
117_LeftCA3_3,72,,,,,,,,
117_LeftDG_1a,80,,,,,,,,
117_LeftDG_1b,69,,,,,,,,
117_LeftDG_2a,90,,,,,,,,
117_LeftDG_2b,80,,,,,,,,
117_LeftDG_3a,91,,,,,,,,
117_LeftDG_3b,62,,,,,,,,
117_RightCA1_1,73,,,,,,,,
117_RightCA1_2,65,,,,,,,,
117_RightCA1_3,69,,,,,,,,
117_RightCA3_1,64,,,,,,,,
117_RightCA3_2,58,,,,,,,,
117_RightCA3_3,64,,,,,,,,
117_RightDG_1a,84,,,,,,,,
117_RightDG_1b,59,,,,,,,,
117_RightDG_2a,74,,,,,,,,
117_RightDG_2b,64,,,,,,,,
117_RightDG_3a,54,,,,,,,,
117_RightDG_3b,51,,,,,,,,
119_LeftCA1_1,102,,,,,,,,
119_LeftCA1_2,89,,,,,,,,
119_LeftCA1_3,79,,,,,,,,
119_LeftCA3_1,83,,,,,,,,
119_LeftCA3_2,62,,,,,,,,
119_LeftCA3_3,70,,,,,,,,
119_LeftDG_1a,82,,,,,,,,
119_LeftDG_1b,62,,,,,,,,
119_LeftDG_2a,65,,,,,,,,
119_LeftDG_2b,65,,,,,,,,
119_LeftDG_3a,77,,,,,,,,
119_LeftDG_3b,63,,,,,,,,
119_RightCA1_1,80,,,,,,,,
119_RightCA1_2,80,,,,,,,,
119_RightCA1_3,79,,,,,,,,
119_RightCA3_1,67,,,,,,,,
119_RightCA3_2,71,,,,,,,,
119_RightCA3_3,65,,,,,,,,
119_RightDG_1a,91,,,,,,,,
119_RightDG_1b,85,,,,,,,,
119_RightDG_2a,81,,,,,,,,
119_RightDG_2b,84,,,,,,,,
119_RightDG_3a,76,,,,,,,,
119_RightDG_3b,79,,,,,,,,
121_LeftCA1_1,63,,,,,,,,
121_LeftCA1_2,47,,,,,,,,
121_LeftCA1_3,61,,,,,,,,
121_LeftCA3_1,51,,,,,,,,
121_LeftCA3_2,44,,,,,,,,
121_LeftCA3_3,58,,,,,,,,
121_LeftDG_1a,43,,,,,,,,
121_LeftDG_1b,51,,,,,,,,
121_LeftDG_2a,44,,,,,,,,
121_LeftDG_2b,58,,,,,,,,
121_LeftDG_3a,54,,,,,,,,
121_LeftDG_3b,54,,,,,,,,
121_RightCA1_1,51,,,,,,,,
121_RightCA1_2,47,,,,,,,,
121_RightCA1_3,69,,,,,,,,
121_RightCA3_1,54,,,,,,,,
121_RightCA3_2,52,,,,,,,,
121_RightCA3_3,65,,,,,,,,
121_RightDG_1a,49,,,,,,,,
121_RightDG_1b,56,,,,,,,,
121_RightDG_2a,52,,,,,,,,
121_RightDG_2b,59,,,,,,,,
121_RightDG_3a,44,,,,,,,,
121_RightDG_3b,61,,,,,,,,
140_LeftCA1_1,64,,,,,,,,
140_LeftCA1_2,86,,,,,,,,
140_LeftCA1_3,70,,,,,,,,
140_LeftCA3_1,41,,,,,,,,
140_LeftCA3_2,57,,,,,,,,
140_LeftCA3_3,53,,,,,,,,
140_LeftDG_1a,76,,,,,,,,
140_LeftDG_1b,52,,,,,,,,
140_LeftDG_2a,77,,,,,,,,
140_LeftDG_2b,61,,,,,,,,
140_LeftDG_3a,87,,,,,,,,
140_LeftDG_3b,54,,,,,,,,
140_RightCA1_1,79,,,,,,,,
140_RightCA1_2,68,,,,,,,,
140_RightCA1_3,68,,,,,,,,
140_RightCA3_1,67,,,,,,,,
140_RightCA3_2,62,,,,,,,,
140_RightCA3_3,55,,,,,,,,
140_RightDG_1a,80,,,,,,,,
140_RightDG_1b,51,,,,,,,,
140_RightDG_2a,78,,,,,,,,
140_RightDG_2b,55,,,,,,,,
140_RightDG_3a,85,,,,,,,,
140_RightDG_3b,55,,,,,,,,
141_LeftCA1_1,93,,,,,,,,
141_LeftCA1_2,89,,,,,,,,
141_LeftCA1_3,73,,,,,,,,
141_LeftCA3_1,73,,,,,,,,
141_LeftCA3_2,86,,,,,,,,
141_LeftCA3_3,71,,,,,,,,
141_LeftDG_1a,83,,,,,,,,
141_LeftDG_1b,77,,,,,,,,
141_LeftDG_2a,103,,,,,,,,
141_LeftDG_2b,75,,,,,,,,
141_LeftDG_3a,81,,,,,,,,
141_LeftDG_3b,69,,,,,,,,
141_RightCA1_1,94,,,,,,,,
141_RightCA1_2,93,,,,,,,,
141_RightCA1_3,87,,,,,,,,
141_RightCA3_1,71,,,,,,,,
141_RightCA3_2,79,,,,,,,,
141_RightCA3_3,67,,,,,,,,
141_RightDG_1a,82,,,,,,,,
141_RightDG_1b,69,,,,,,,,
141_RightDG_2a,81,,,,,,,,
141_RightDG_2b,62,,,,,,,,
141_RightDG_3a,66,,,,,,,,
141_RightDG_3b,69,,,,,,,,
10_LeftCA1_1,38,,,,,,,,
10_LeftCA1_2,47,,,,,,,,
10_LeftCA1_3,43,,,,,,,,
10_LeftCA3_1,38,,,,,,,,
10_LeftCA3_2,43,,,,,,,,
10_LeftCA3_3,44,,,,,,,,
10_LeftDG_1a,31,,,,,,,,
10_LeftDG_1b,41,,,,,,,,
10_LeftDG_2a,39,,,,,,,,
10_LeftDG_2b,36,,,,,,,,
10_LeftDG_3a,41,,,,,,,,
10_LeftDG_3b,40,,,,,,,,
10_RightCA1_1,31,,,,,,,,
10_RightCA1_2,36,,,,,,,,
10_RightCA1_3,43,,,,,,,,
10_RightCA3_1,40,,,,,,,,
10_RightCA3_2,40,,,,,,,,
10_RightCA3_3,45,,,,,,,,
10_RightDG_1a,37,,,,,,,,
10_RightDG_1b,36,,,,,,,,
10_RightDG_2a,37,,,,,,,,
10_RightDG_2b,36,,,,,,,,
10_RightDG_3a,44,,,,,,,,
10_RightDG_3b,42,,,,,,,,
12_LeftCA1_1,40,,,,,,,,
12_LeftCA1_2,36,,,,,,,,
12_LeftCA1_3,37,,,,,,,,
12_LeftCA3_1,40,,,,,,,,
12_LeftCA3_2,32,,,,,,,,
12_LeftCA3_3,39,,,,,,,,
12_LeftDG_1a,38,,,,,,,,
12_LeftDG_1b,41,,,,,,,,
12_LeftDG_2a,39,,,,,,,,
12_LeftDG_2b,41,,,,,,,,
12_LeftDG_3a,38,,,,,,,,
12_LeftDG_3b,41,,,,,,,,
12_RightCA1_1,46,,,,,,,,
12_RightCA1_2,40,,,,,,,,
12_RightCA1_3,37,,,,,,,,
12_RightCA3_1,36,,,,,,,,
12_RightCA3_2,36,,,,,,,,
12_RightCA3_3,30,,,,,,,,
12_RightDG_1a,51,,,,,,,,
12_RightDG_1b,42,,,,,,,,
12_RightDG_2a,38,,,,,,,,
12_RightDG_2b,35,,,,,,,,
12_RightDG_3a,35,,,,,,,,
12_RightDG_3b,29,,,,,,,,
14_LeftCA1_1,31,,,,,,,,
14_LeftCA1_2,26,,,,,,,,
14_LeftCA1_3,32,,,,,,,,
14_LeftCA3_1,17,,,,,,,,
14_LeftCA3_2,24,,,,,,,,
14_LeftCA3_3,22,,,,,,,,
14_LeftDG_1a,20,,,,,,,,
14_LeftDG_1b,28,,,,,,,,
14_LeftDG_2a,34,,,,,,,,
14_LeftDG_2b,32,,,,,,,,
14_LeftDG_3a,23,,,,,,,,
14_LeftDG_3b,27,,,,,,,,
14_RightCA1_1,28,,,,,,,,
14_RightCA1_2,30,,,,,,,,
14_RightCA1_3,30,,,,,,,,
14_RightCA3_1,34,,,,,,,,
14_RightCA3_2,27,,,,,,,,
14_RightCA3_3,22,,,,,,,,
14_RightDG_1a,37,,,,,,,,
14_RightDG_1b,28,,,,,,,,
14_RightDG_2a,30,,,,,,,,
14_RightDG_2b,24,,,,,,,,
14_RightDG_3a,22,,,,,,,,
14_RightDG_3b,24,,,,,,,,
16_LeftCA1_1,48,,,,,,,,
16_LeftCA1_2,37,,,,,,,,
16_LeftCA1_3,38,,,,,,,,
16_LeftCA3_1,52,,,,,,,,
16_LeftCA3_2,26,,,,,,,,
16_LeftCA3_3,31,,,,,,,,
16_LeftDG_1a,45,,,,,,,,
16_LeftDG_1b,32,,,,,,,,
16_LeftDG_2a,35,,,,,,,,
16_LeftDG_2b,31,,,,,,,,
16_LeftDG_3a,41,,,,,,,,
16_LeftDG_3b,42,,,,,,,,
16_RightCA1_1,36,,,,,,,,
16_RightCA1_2,39,,,,,,,,
16_RightCA1_3,41,,,,,,,,
16_RightCA3_1,33,,,,,,,,
16_RightCA3_2,33,,,,,,,,
16_RightCA3_3,33,,,,,,,,
16_RightDG_1a,42,,,,,,,,
16_RightDG_1b,36,,,,,,,,
16_RightDG_2a,42,,,,,,,,
16_RightDG_2b,31,,,,,,,,
16_RightDG_3a,38,,,,,,,,
16_RightDG_3b,36,,,,,,,,
25_LeftCA1_1,50,,,,,,,,
25_LeftCA1_2,35,,,,,,,,
25_LeftCA1_3,41,,,,,,,,
25_LeftCA3_1,36,,,,,,,,
25_LeftCA3_2,35,,,,,,,,
25_LeftCA3_3,30,,,,,,,,
25_LeftDG_1a,43,,,,,,,,
25_LeftDG_1b,35,,,,,,,,
25_LeftDG_2a,36,,,,,,,,
25_LeftDG_2b,38,,,,,,,,
25_LeftDG_3a,33,,,,,,,,
25_LeftDG_3b,34,,,,,,,,
25_RightCA1_1,35,,,,,,,,
25_RightCA1_2,36,,,,,,,,
25_RightCA1_3,35,,,,,,,,
25_RightCA3_1,27,,,,,,,,
25_RightCA3_2,25,,,,,,,,
25_RightCA3_3,22,,,,,,,,
25_RightDG_1a,38,,,,,,,,
25_RightDG_1b,39,,,,,,,,
25_RightDG_2a,33,,,,,,,,
25_RightDG_2b,31,,,,,,,,
25_RightDG_3a,33,,,,,,,,
25_RightDG_3b,29,,,,,,,,
27_LeftCA1_1,42,,,,,,,,
27_LeftCA1_2,38,,,,,,,,
27_LeftCA1_3,38,,,,,,,,
27_LeftCA3_1,42,,,,,,,,
27_LeftCA3_2,38,,,,,,,,
27_LeftCA3_3,28,,,,,,,,
27_LeftDG_1a,41,,,,,,,,
27_LeftDG_1b,44,,,,,,,,
27_LeftDG_2a,36,,,,,,,,
27_LeftDG_2b,34,,,,,,,,
27_LeftDG_3a,36,,,,,,,,
27_LeftDG_3b,34,,,,,,,,
27_RightCA1_1,39,,,,,,,,
27_RightCA1_2,43,,,,,,,,
27_RightCA1_3,39,,,,,,,,
27_RightCA3_1,32,,,,,,,,
27_RightCA3_2,32,,,,,,,,
27_RightCA3_3,25,,,,,,,,
27_RightDG_1a,36,,,,,,,,
27_RightDG_1b,41,,,,,,,,
27_RightDG_2a,31,,,,,,,,
27_RightDG_2b,34,,,,,,,,
27_RightDG_3a,25,,,,,,,,
27_RightDG_3b,32,,,,,,,,
29_LeftCA1_1,44,,,,,,,,
29_LeftCA1_2,33,,,,,,,,
29_LeftCA1_3,29,,,,,,,,
29_LeftCA3_1,24,,,,,,,,
29_LeftCA3_2,29,,,,,,,,
29_LeftCA3_3,32,,,,,,,,
29_LeftDG_1a,29,,,,,,,,
29_LeftDG_1b,27,,,,,,,,
29_LeftDG_2a,23,,,,,,,,
29_LeftDG_2b,17,,,,,,,,
29_LeftDG_3a,30,,,,,,,,
29_LeftDG_3b,25,,,,,,,,
29_RightCA1_1,36,,,,,,,,
29_RightCA1_2,39,,,,,,,,
29_RightCA1_3,32,,,,,,,,
29_RightCA3_1,24,,,,,,,,
29_RightCA3_2,24,,,,,,,,
29_RightCA3_3,22,,,,,,,,
29_RightDG_1a,32,,,,,,,,
29_RightDG_1b,26,,,,,,,,
29_RightDG_2a,33,,,,,,,,
29_RightDG_2b,28,,,,,,,,
29_RightDG_3a,26,,,,,,,,
29_RightDG_3b,19,,,,,,,,
31_LeftCA1_1,35,,,,,,,,
31_LeftCA1_2,23,,,,,,,,
31_LeftCA1_3,40,,,,,,,,
31_LeftCA3_1,30,,,,,,,,
31_LeftCA3_2,20,,,,,,,,
31_LeftCA3_3,30,,,,,,,,
31_LeftDG_1a,28,,,,,,,,
31_LeftDG_1b,22,,,,,,,,
31_LeftDG_2a,18,,,,,,,,
31_LeftDG_2b,23,,,,,,,,
31_LeftDG_3a,31,,,,,,,,
31_LeftDG_3b,26,,,,,,,,
31_RightCA1_1,31,,,,,,,,
31_RightCA1_2,23,,,,,,,,
31_RightCA1_3,31,,,,,,,,
31_RightCA3_1,25,,,,,,,,
31_RightCA3_2,30,,,,,,,,
31_RightCA3_3,26,,,,,,,,
31_RightDG_1a,25,,,,,,,,
31_RightDG_1b,22,,,,,,,,
31_RightDG_2a,25,,,,,,,,
31_RightDG_2b,26,,,,,,,,
31_RightDG_3a,40,,,,,,,,
31_RightDG_3b,31,,,,,,,,
50_LeftCA1_1,44,,,,,,,,
50_LeftCA1_2,40,,,,,,,,
50_LeftCA1_3,50,,,,,,,,
50_LeftCA3_1,44,,,,,,,,
50_LeftCA3_2,41,,,,,,,,
50_LeftCA3_3,46,,,,,,,,
50_LeftDG_1a,52,,,,,,,,
50_LeftDG_1b,50,,,,,,,,
50_LeftDG_2a,45,,,,,,,,
50_LeftDG_2b,41,,,,,,,,
50_LeftDG_3a,55,,,,,,,,
50_LeftDG_3b,52,,,,,,,,
50_RightCA1_1,55,,,,,,,,
50_RightCA1_2,43,,,,,,,,
50_RightCA1_3,41,,,,,,,,
50_RightCA3_1,43,,,,,,,,
50_RightCA3_2,48,,,,,,,,
50_RightCA3_3,48,,,,,,,,
50_RightDG_1a,53,,,,,,,,
50_RightDG_1b,44,,,,,,,,
50_RightDG_2a,41,,,,,,,,
50_RightDG_2b,38,,,,,,,,
50_RightDG_3a,45,,,,,,,,
50_RightDG_3b,52,,,,,,,,
52_LeftCA1_1,47,,,,,,,,
52_LeftCA1_2,48,,,,,,,,
52_LeftCA1_3,37,,,,,,,,
52_LeftCA3_1,40,,,,,,,,
52_LeftCA3_2,39,,,,,,,,
52_LeftCA3_3,40,,,,,,,,
52_LeftDG_1a,50,,,,,,,,
52_LeftDG_1b,39,,,,,,,,
52_LeftDG_2a,47,,,,,,,,
52_LeftDG_2b,41,,,,,,,,
52_LeftDG_3a,43,,,,,,,,
52_LeftDG_3b,40,,,,,,,,
52_RightCA1_1,51,,,,,,,,
52_RightCA1_2,41,,,,,,,,
52_RightCA1_3,37,,,,,,,,
52_RightCA3_1,47,,,,,,,,
52_RightCA3_2,45,,,,,,,,
52_RightCA3_3,43,,,,,,,,
52_RightDG_1a,48,,,,,,,,
52_RightDG_1b,43,,,,,,,,
52_RightDG_2a,46,,,,,,,,
52_RightDG_2b,42,,,,,,,,
52_RightDG_3a,39,,,,,,,,
52_RightDG_3b,37,,,,,,,,
63_LeftCA1_1,41,,,,,,,,
63_LeftCA1_2,23,,,,,,,,
63_LeftCA1_3,35,,,,,,,,
63_LeftCA3_1,38,,,,,,,,
63_LeftCA3_2,34,,,,,,,,
63_LeftCA3_3,33,,,,,,,,
63_LeftDG_1a,33,,,,,,,,
63_LeftDG_1b,40,,,,,,,,
63_LeftDG_2a,25,,,,,,,,
63_LeftDG_2b,21,,,,,,,,
63_LeftDG_3a,28,,,,,,,,
63_LeftDG_3b,25,,,,,,,,
63_RightCA1_1,43,,,,,,,,
63_RightCA1_2,37,,,,,,,,
63_RightCA1_3,42,,,,,,,,
63_RightCA3_1,39,,,,,,,,
63_RightCA3_2,33,,,,,,,,
63_RightCA3_3,37,,,,,,,,
63_RightDG_1a,42,,,,,,,,
63_RightDG_1b,31,,,,,,,,
63_RightDG_2a,39,,,,,,,,
63_RightDG_2b,30,,,,,,,,
63_RightDG_3a,30,,,,,,,,
63_RightDG_3b,34,,,,,,,,
65_LeftCA1_1,35,,,,,,,,
65_LeftCA1_2,35,,,,,,,,
65_LeftCA1_3,29,,,,,,,,
65_LeftCA3_1,22,,,,,,,,
65_LeftCA3_2,28,,,,,,,,
65_LeftCA3_3,26,,,,,,,,
65_LeftDG_1a,29,,,,,,,,
65_LeftDG_1b,22,,,,,,,,
65_LeftDG_2a,34,,,,,,,,
65_LeftDG_2b,27,,,,,,,,
65_LeftDG_3a,29,,,,,,,,
65_LeftDG_3b,28,,,,,,,,
65_RightCA1_1,25,,,,,,,,
65_RightCA1_2,35,,,,,,,,
65_RightCA1_3,32,,,,,,,,
65_RightCA3_1,21,,,,,,,,
65_RightCA3_2,26,,,,,,,,
65_RightCA3_3,22,,,,,,,,
65_RightDG_1a,25,,,,,,,,
65_RightDG_1b,22,,,,,,,,
65_RightDG_2a,24,,,,,,,,
65_RightDG_2b,22,,,,,,,,
65_RightDG_3a,24,,,,,,,,
65_RightDG_3b,19,,,,,,,,
67_LeftCA1_1,53,,,,,,,,
67_LeftCA1_2,38,,,,,,,,
67_LeftCA1_3,49,,,,,,,,
67_LeftCA3_1,45,,,,,,,,
67_LeftCA3_2,40,,,,,,,,
67_LeftCA3_3,31,,,,,,,,
67_LeftDG_1a,47,,,,,,,,
67_LeftDG_1b,48,,,,,,,,
67_LeftDG_2a,45,,,,,,,,
67_LeftDG_2b,44,,,,,,,,
67_LeftDG_3a,43,,,,,,,,
67_LeftDG_3b,38,,,,,,,,
67_RightCA1_1,42,,,,,,,,
67_RightCA1_2,35,,,,,,,,
67_RightCA1_3,45,,,,,,,,
67_RightCA3_1,37,,,,,,,,
67_RightCA3_2,33,,,,,,,,
67_RightCA3_3,34,,,,,,,,
67_RightDG_1a,47,,,,,,,,
67_RightDG_1b,43,,,,,,,,
67_RightDG_2a,41,,,,,,,,
67_RightDG_2b,34,,,,,,,,
67_RightDG_3a,34,,,,,,,,
67_RightDG_3b,26,,,,,,,,
104_LeftCA1_1,37,,,,,,,,
104_LeftCA1_2,33,,,,,,,,
104_LeftCA1_3,40,,,,,,,,
104_LeftCA3_1,26,,,,,,,,
104_LeftCA3_2,28,,,,,,,,
104_LeftCA3_3,35,,,,,,,,
104_LeftDG_1a,30,,,,,,,,
104_LeftDG_1b,29,,,,,,,,
104_LeftDG_2a,31,,,,,,,,
104_LeftDG_2b,34,,,,,,,,
104_LeftDG_3a,43,,,,,,,,
104_LeftDG_3b,37,,,,,,,,
104_RightCA1_1,35,,,,,,,,
104_RightCA1_2,29,,,,,,,,
104_RightCA1_3,37,,,,,,,,
104_RightCA3_1,24,,,,,,,,
104_RightCA3_2,24,,,,,,,,
104_RightCA3_3,32,,,,,,,,
104_RightDG_1a,35,,,,,,,,
104_RightDG_1b,19,,,,,,,,
104_RightDG_2a,36,,,,,,,,
104_RightDG_2b,26,,,,,,,,
104_RightDG_3a,44,,,,,,,,
104_RightDG_3b,33,,,,,,,,
106_LeftCA1_1,50,,,,,,,,
106_LeftCA1_2,45,,,,,,,,
106_LeftCA1_3,45,,,,,,,,
106_LeftCA3_1,45,,,,,,,,
106_LeftCA3_2,40,,,,,,,,
106_LeftCA3_3,44,,,,,,,,
106_LeftDG_1a,54,,,,,,,,
106_LeftDG_1b,46,,,,,,,,
106_LeftDG_2a,60,,,,,,,,
106_LeftDG_2b,38,,,,,,,,
106_LeftDG_3a,56,,,,,,,,
106_LeftDG_3b,40,,,,,,,,
106_RightCA1_1,48,,,,,,,,
106_RightCA1_2,54,,,,,,,,
106_RightCA1_3,43,,,,,,,,
106_RightCA3_1,43,,,,,,,,
106_RightCA3_2,36,,,,,,,,
106_RightCA3_3,42,,,,,,,,
106_RightDG_1a,51,,,,,,,,
106_RightDG_1b,36,,,,,,,,
106_RightDG_2a,55,,,,,,,,
106_RightDG_2b,40,,,,,,,,
106_RightDG_3a,50,,,,,,,,
106_RightDG_3b,39,,,,,,,,
108_LeftCA1_1,49,,,,,,,,
108_LeftCA1_2,44,,,,,,,,
108_LeftCA1_3,33,,,,,,,,
108_LeftCA3_1,31,,,,,,,,
108_LeftCA3_2,40,,,,,,,,
108_LeftCA3_3,41,,,,,,,,
108_LeftDG_1a,42,,,,,,,,
108_LeftDG_1b,27,,,,,,,,
108_LeftDG_2a,46,,,,,,,,
108_LeftDG_2b,39,,,,,,,,
108_LeftDG_3a,37,,,,,,,,
108_LeftDG_3b,35,,,,,,,,
108_RightCA1_1,39,,,,,,,,
108_RightCA1_2,36,,,,,,,,
108_RightCA1_3,48,,,,,,,,
108_RightCA3_1,39,,,,,,,,
108_RightCA3_2,34,,,,,,,,
108_RightCA3_3,36,,,,,,,,
108_RightDG_1a,35,,,,,,,,
108_RightDG_1b,39,,,,,,,,
108_RightDG_2a,46,,,,,,,,
108_RightDG_2b,35,,,,,,,,
108_RightDG_3a,28,,,,,,,,
108_RightDG_3b,38,,,,,,,,
111_LeftCA1_1,41,,,,,,,,
111_LeftCA1_2,47,,,,,,,,
111_LeftCA1_3,41,,,,,,,,
111_LeftCA3_1,34,,,,,,,,
111_LeftCA3_2,45,,,,,,,,
111_LeftCA3_3,42,,,,,,,,
111_LeftDG_1a,43,,,,,,,,
111_LeftDG_1b,38,,,,,,,,
111_LeftDG_2a,46,,,,,,,,
111_LeftDG_2b,50,,,,,,,,
111_LeftDG_3a,54,,,,,,,,
111_LeftDG_3b,47,,,,,,,,
111_RightCA1_1,40,,,,,,,,
111_RightCA1_2,45,,,,,,,,
111_RightCA1_3,41,,,,,,,,
111_RightCA3_1,43,,,,,,,,
111_RightCA3_2,41,,,,,,,,
111_RightCA3_3,36,,,,,,,,
111_RightDG_1a,45,,,,,,,,
111_RightDG_1b,38,,,,,,,,
111_RightDG_2a,44,,,,,,,,
111_RightDG_2b,45,,,,,,,,
111_RightDG_3a,36,,,,,,,,
111_RightDG_3b,37,,,,,,,,
113_LeftCA1_1,40,,,,,,,,
113_LeftCA1_2,39,,,,,,,,
113_LeftCA1_3,35,,,,,,,,
113_LeftCA3_1,39,,,,,,,,
113_LeftCA3_2,44,,,,,,,,
113_LeftCA3_3,53,,,,,,,,
113_LeftDG_1a,46,,,,,,,,
113_LeftDG_1b,39,,,,,,,,
113_LeftDG_2a,40,,,,,,,,
113_LeftDG_2b,49,,,,,,,,
113_LeftDG_3a,41,,,,,,,,
113_LeftDG_3b,36,,,,,,,,
113_RightCA1_1,49,,,,,,,,
113_RightCA1_2,40,,,,,,,,
113_RightCA1_3,47,,,,,,,,
113_RightCA3_1,44,,,,,,,,
113_RightCA3_2,36,,,,,,,,
113_RightCA3_3,32,,,,,,,,
113_RightDG_1a,47,,,,,,,,
113_RightDG_1b,40,,,,,,,,
113_RightDG_2a,40,,,,,,,,
113_RightDG_2b,42,,,,,,,,
113_RightDG_3a,52,,,,,,,,
113_RightDG_3b,46,,,,,,,,
115_LeftCA1_1,32,,,,,,,,
115_LeftCA1_2,31,,,,,,,,
115_LeftCA1_3,23,,,,,,,,
115_LeftCA3_1,27,,,,,,,,
115_LeftCA3_2,25,,,,,,,,
115_LeftCA3_3,29,,,,,,,,
115_LeftDG_1a,38,,,,,,,,
115_LeftDG_1b,30,,,,,,,,
115_LeftDG_2a,23,,,,,,,,
115_LeftDG_2b,33,,,,,,,,
115_LeftDG_3a,35,,,,,,,,
115_LeftDG_3b,26,,,,,,,,
115_RightCA1_1,32,,,,,,,,
115_RightCA1_2,29,,,,,,,,
115_RightCA1_3,28,,,,,,,,
115_RightCA3_1,38,,,,,,,,
115_RightCA3_2,21,,,,,,,,
115_RightCA3_3,25,,,,,,,,
115_RightDG_1a,32,,,,,,,,
115_RightDG_1b,35,,,,,,,,
115_RightDG_2a,29,,,,,,,,
115_RightDG_2b,37,,,,,,,,
115_RightDG_3a,33,,,,,,,,
115_RightDG_3b,31,,,,,,,,
116_LeftCA1_1,39,,,,,,,,
116_LeftCA1_2,43,,,,,,,,
116_LeftCA1_3,32,,,,,,,,
116_LeftCA3_1,34,,,,,,,,
116_LeftCA3_2,39,,,,,,,,
116_LeftCA3_3,34,,,,,,,,
116_LeftDG_1a,42,,,,,,,,
116_LeftDG_1b,43,,,,,,,,
116_LeftDG_2a,41,,,,,,,,
116_LeftDG_2b,46,,,,,,,,
116_LeftDG_3a,37,,,,,,,,
116_LeftDG_3b,40,,,,,,,,
116_RightCA1_1,32,,,,,,,,
116_RightCA1_2,52,,,,,,,,
116_RightCA1_3,32,,,,,,,,
116_RightCA3_1,36,,,,,,,,
116_RightCA3_2,41,,,,,,,,
116_RightCA3_3,50,,,,,,,,
116_RightDG_1a,38,,,,,,,,
116_RightDG_1b,34,,,,,,,,
116_RightDG_2a,44,,,,,,,,
116_RightDG_2b,48,,,,,,,,
116_RightDG_3a,34,,,,,,,,
116_RightDG_3b,43,,,,,,,,
128_LeftCA1_1,40,,,,,,,,
128_LeftCA1_2,35,,,,,,,,
128_LeftCA1_3,37,,,,,,,,
128_LeftCA3_1,23,,,,,,,,
128_LeftCA3_2,32,,,,,,,,
128_LeftCA3_3,32,,,,,,,,
128_LeftDG_1a,36,,,,,,,,
128_LeftDG_1b,20,,,,,,,,
128_LeftDG_2a,33,,,,,,,,
128_LeftDG_2b,42,,,,,,,,
128_LeftDG_3a,37,,,,,,,,
128_LeftDG_3b,32,,,,,,,,
128_RightCA1_1,50,,,,,,,,
128_RightCA1_2,44,,,,,,,,
128_RightCA1_3,36,,,,,,,,
128_RightCA3_1,31,,,,,,,,
128_RightCA3_2,39,,,,,,,,
128_RightCA3_3,37,,,,,,,,
128_RightDG_1a,41,,,,,,,,
128_RightDG_1b,44,,,,,,,,
128_RightDG_2a,29,,,,,,,,
128_RightDG_2b,42,,,,,,,,
128_RightDG_3a,32,,,,,,,,
128_RightDG_3b,37,,,,,,,,
130_LeftCA1_1,41,,,,,,,,
130_LeftCA1_2,27,,,,,,,,
130_LeftCA1_3,40,,,,,,,,
130_LeftCA3_1,31,,,,,,,,
130_LeftCA3_2,32,,,,,,,,
130_LeftCA3_3,24,,,,,,,,
130_LeftDG_1a,47,,,,,,,,
130_LeftDG_1b,29,,,,,,,,
130_LeftDG_2a,34,,,,,,,,
130_LeftDG_2b,25,,,,,,,,
130_LeftDG_3a,31,,,,,,,,
130_LeftDG_3b,31,,,,,,,,
130_RightCA1_1,42,,,,,,,,
130_RightCA1_2,32,,,,,,,,
130_RightCA1_3,33,,,,,,,,
130_RightCA3_1,25,,,,,,,,
130_RightCA3_2,32,,,,,,,,
130_RightCA3_3,27,,,,,,,,
130_RightDG_1a,45,,,,,,,,
130_RightDG_1b,27,,,,,,,,
130_RightDG_2a,34,,,,,,,,
130_RightDG_2b,35,,,,,,,,
130_RightDG_3a,41,,,,,,,,
130_RightDG_3b,23,,,,,,,,
132_LeftCA1_1,56,,,,,,,,
132_LeftCA1_2,52,,,,,,,,
132_LeftCA1_3,43,,,,,,,,
132_LeftCA3_1,38,,,,,,,,
132_LeftCA3_2,44,,,,,,,,
132_LeftCA3_3,42,,,,,,,,
132_LeftDG_1a,53,,,,,,,,
132_LeftDG_1b,38,,,,,,,,
132_LeftDG_2a,50,,,,,,,,
132_LeftDG_2b,49,,,,,,,,
132_LeftDG_3a,46,,,,,,,,
132_LeftDG_3b,41,,,,,,,,
132_RightCA1_1,56,,,,,,,,
132_RightCA1_2,62,,,,,,,,
132_RightCA1_3,45,,,,,,,,
132_RightCA3_1,44,,,,,,,,
132_RightCA3_2,32,,,,,,,,
132_RightCA3_3,37,,,,,,,,
132_RightDG_1a,44,,,,,,,,
132_RightDG_1b,36,,,,,,,,
132_RightDG_2a,56,,,,,,,,
132_RightDG_2b,51,,,,,,,,
132_RightDG_3a,46,,,,,,,,
132_RightDG_3b,40,,,,,,,,
135_LeftCA1_1,41,,,,,,,,
135_LeftCA1_2,37,,,,,,,,
135_LeftCA1_3,32,,,,,,,,
135_LeftCA3_1,39,,,,,,,,
135_LeftCA3_2,41,,,,,,,,
135_LeftCA3_3,33,,,,,,,,
135_LeftDG_1a,45,,,,,,,,
135_LeftDG_1b,42,,,,,,,,
135_LeftDG_2a,37,,,,,,,,
135_LeftDG_2b,41,,,,,,,,
135_LeftDG_3a,33,,,,,,,,
135_LeftDG_3b,50,,,,,,,,
135_RightCA1_1,44,,,,,,,,
135_RightCA1_2,43,,,,,,,,
135_RightCA1_3,45,,,,,,,,
135_RightCA3_1,39,,,,,,,,
135_RightCA3_2,33,,,,,,,,
135_RightCA3_3,33,,,,,,,,
135_RightDG_1a,36,,,,,,,,
135_RightDG_1b,42,,,,,,,,
135_RightDG_2a,41,,,,,,,,
135_RightDG_3a,34,,,,,,,,
135_RightDG_3b,43,,,,,,,,
137_LeftCA1_1,36,,,,,,,,
137_LeftCA1_2,35,,,,,,,,
137_LeftCA1_3,35,,,,,,,,
137_LeftCA3_1,29,,,,,,,,
137_LeftCA3_2,36,,,,,,,,
137_LeftCA3_3,33,,,,,,,,
137_LeftDG_1a,35,,,,,,,,
137_LeftDG_1b,20,,,,,,,,
137_LeftDG_2a,30,,,,,,,,
137_LeftDG_2b,20,,,,,,,,
137_LeftDG_3a,33,,,,,,,,
137_LeftDG_3b,26,,,,,,,,
137_RightCA1_1,48,,,,,,,,
137_RightCA1_2,28,,,,,,,,
137_RightCA1_3,38,,,,,,,,
137_RightCA3_1,29,,,,,,,,
137_RightCA3_2,26,,,,,,,,
137_RightCA3_3,29,,,,,,,,
137_RightDG_1a,28,,,,,,,,
137_RightDG_1b,24,,,,,,,,
137_RightDG_2a,30,,,,,,,,
137_RightDG_2b,16,,,,,,,,
137_RightDG_3a,33,,,,,,,,
137_RightDG_3b,26,,,,,,,,
139_LeftCA1_1,54,,,,,,,,
139_LeftCA1_2,38,,,,,,,,
139_LeftCA1_3,44,,,,,,,,
139_LeftCA3_1,31,,,,,,,,
139_LeftCA3_2,30,,,,,,,,
139_LeftCA3_3,34,,,,,,,,
139_LeftDG_1a,34,,,,,,,,
139_LeftDG_1b,27,,,,,,,,
139_LeftDG_2a,37,,,,,,,,
139_LeftDG_2b,41,,,,,,,,
139_LeftDG_3a,47,,,,,,,,
139_LeftDG_3b,35,,,,,,,,
139_RightCA1_1,34,,,,,,,,
139_RightCA1_2,34,,,,,,,,
139_RightCA1_3,36,,,,,,,,
139_RightCA3_1,39,,,,,,,,
139_RightCA3_2,35,,,,,,,,
139_RightCA3_3,29,,,,,,,,
139_RightDG_1a,41,,,,,,,,
139_RightDG_1b,42,,,,,,,,
139_RightDG_2a,42,,,,,,,,
139_RightDG_2b,38,,,,,,,,
139_RightDG_3a,39,,,,,,,,
139_RightDG_3b,36,,,,,,,,
17_LeftCA1_1,38,,,,,,,,
17_LeftCA1_2,40,,,,,,,,
17_LeftCA1_3,33,,,,,,,,
17_LeftCA3_1,43,,,,,,,,
17_LeftCA3_2,37,,,,,,,,
17_LeftCA3_3,35,,,,,,,,
17_LeftDG_1a,41,,,,,,,,
17_LeftDG_1b,28,,,,,,,,
17_LeftDG_2a,38,,,,,,,,
17_LeftDG_2b,27,,,,,,,,
17_LeftDG_3a,31,,,,,,,,
17_LeftDG_3b,30,,,,,,,,
17_RightCA1_1,38,,,,,,,,
17_RightCA1_2,45,,,,,,,,
17_RightCA1_3,42,,,,,,,,
17_RightCA3_1,36,,,,,,,,
17_RightCA3_2,37,,,,,,,,
17_RightCA3_3,33,,,,,,,,
17_RightDG_1a,37,,,,,,,,
17_RightDG_1b,30,,,,,,,,
17_RightDG_2a,46,,,,,,,,
17_RightDG_2b,33,,,,,,,,
17_RightDG_3a,35,,,,,,,,
17_RightDG_3b,28,,,,,,,,
19_LeftCA1_1,41,,,,,,,,
19_LeftCA1_2,37,,,,,,,,
19_LeftCA1_3,49,,,,,,,,
19_LeftCA3_1,40,,,,,,,,
19_LeftCA3_2,36,,,,,,,,
19_LeftCA3_3,27,,,,,,,,
19_LeftDG_1a,37,,,,,,,,
19_LeftDG_1b,41,,,,,,,,
19_LeftDG_2a,43,,,,,,,,
19_LeftDG_2b,29,,,,,,,,
19_LeftDG_3a,37,,,,,,,,
19_LeftDG_3b,33,,,,,,,,
19_RightCA1_1,48,,,,,,,,
19_RightCA1_2,29,,,,,,,,
19_RightCA1_3,38,,,,,,,,
19_RightCA3_1,31,,,,,,,,
19_RightCA3_2,34,,,,,,,,
19_RightCA3_3,33,,,,,,,,
19_RightDG_1a,39,,,,,,,,
19_RightDG_1b,36,,,,,,,,
19_RightDG_2a,34,,,,,,,,
19_RightDG_2b,39,,,,,,,,
19_RightDG_3a,33,,,,,,,,
19_RightDG_3b,37,,,,,,,,
21_LeftCA1_1,27,,,,,,,,
21_LeftCA1_2,29,,,,,,,,
21_LeftCA1_3,25,,,,,,,,
21_LeftCA3_1,21,,,,,,,,
21_LeftCA3_2,21,,,,,,,,
21_LeftCA3_3,13,,,,,,,,
21_LeftDG_1a,26,,,,,,,,
21_LeftDG_1b,15,,,,,,,,
21_LeftDG_2a,28,,,,,,,,
21_LeftDG_2b,19,,,,,,,,
21_LeftDG_3a,19,,,,,,,,
21_LeftDG_3b,16,,,,,,,,
21_RightCA1_1,27,,,,,,,,
21_RightCA1_2,20,,,,,,,,
21_RightCA1_3,23,,,,,,,,
21_RightCA3_1,19,,,,,,,,
21_RightCA3_2,23,,,,,,,,
21_RightCA3_3,21,,,,,,,,
21_RightDG_1a,17,,,,,,,,
21_RightDG_1b,15,,,,,,,,
21_RightDG_2a,20,,,,,,,,
21_RightDG_2b,16,,,,,,,,
21_RightDG_3a,22,,,,,,,,
21_RightDG_3b,16,,,,,,,,
23_LeftCA1_1,30,,,,,,,,
23_LeftCA1_2,25,,,,,,,,
23_LeftCA1_3,25,,,,,,,,
23_LeftCA3_1,23,,,,,,,,
23_LeftCA3_2,24,,,,,,,,
23_LeftCA3_3,31,,,,,,,,
23_LeftDG_1a,26,,,,,,,,
23_LeftDG_1b,17,,,,,,,,
23_LeftDG_2a,24,,,,,,,,
23_LeftDG_2b,15,,,,,,,,
23_LeftDG_3a,21,,,,,,,,
23_LeftDG_3b,24,,,,,,,,
23_RightCA1_1,38,,,,,,,,
23_RightCA1_2,25,,,,,,,,
23_RightCA1_3,35,,,,,,,,
23_RightCA3_1,27,,,,,,,,
23_RightCA3_2,15,,,,,,,,
23_RightCA3_3,24,,,,,,,,
23_RightDG_1a,26,,,,,,,,
23_RightDG_1b,20,,,,,,,,
23_RightDG_2a,18,,,,,,,,
23_RightDG_2b,13,,,,,,,,
23_RightDG_3a,25,,,,,,,,
23_RightDG_3b,23,,,,,,,,
42_LeftCA1_1,22,,,,,,,,
42_LeftCA1_2,17,,,,,,,,
42_LeftCA1_3,21,,,,,,,,
42_LeftCA3_1,22,,,,,,,,
42_LeftCA3_2,25,,,,,,,,
42_LeftCA3_3,26,,,,,,,,
42_LeftDG_1a,23,,,,,,,,
42_LeftDG_1b,26,,,,,,,,
42_LeftDG_2a,25,,,,,,,,
42_LeftDG_2b,17,,,,,,,,
42_LeftDG_3a,16,,,,,,,,
42_LeftDG_3b,16,,,,,,,,
42_RightCA1_1,21,,,,,,,,
42_RightCA1_2,20,,,,,,,,
42_RightCA1_3,20,,,,,,,,
42_RightCA3_1,22,,,,,,,,
42_RightCA3_2,18,,,,,,,,
42_RightCA3_3,20,,,,,,,,
42_RightDG_1a,24,,,,,,,,
42_RightDG_1b,23,,,,,,,,
42_RightDG_2a,18,,,,,,,,
42_RightDG_2b,18,,,,,,,,
42_RightDG_3a,25,,,,,,,,
42_RightDG_3b,16,,,,,,,,
44_LeftCA1_1,19,,,,,,,,
44_LeftCA1_2,21,,,,,,,,
44_LeftCA1_3,22,,,,,,,,
44_LeftCA3_1,19,,,,,,,,
44_LeftCA3_2,24,,,,,,,,
44_LeftCA3_3,12,,,,,,,,
44_LeftDG_1a,19,,,,,,,,
44_LeftDG_1b,24,,,,,,,,
44_LeftDG_2a,18,,,,,,,,
44_LeftDG_2b,20,,,,,,,,
44_LeftDG_3a,12,,,,,,,,
44_LeftDG_3b,12,,,,,,,,
44_RightCA1_1,20,,,,,,,,
44_RightCA1_2,29,,,,,,,,
44_RightCA1_3,19,,,,,,,,
44_RightCA3_1,9,,,,,,,,
44_RightCA3_2,16,,,,,,,,
44_RightCA3_3,25,,,,,,,,
44_RightDG_1a,14,,,,,,,,
44_RightDG_1b,10,,,,,,,,
44_RightDG_2a,19,,,,,,,,
44_RightDG_2b,12,,,,,,,,
44_RightDG_3a,19,,,,,,,,
44_RightDG_3b,16,,,,,,,,
46_LeftCA1_1,36,,,,,,,,
46_LeftCA1_2,26,,,,,,,,
46_LeftCA1_3,29,,,,,,,,
46_LeftCA3_1,32,,,,,,,,
46_LeftCA3_2,26,,,,,,,,
46_LeftCA3_3,22,,,,,,,,
46_LeftDG_1a,29,,,,,,,,
46_LeftDG_1b,27,,,,,,,,
46_LeftDG_2a,21,,,,,,,,
46_LeftDG_2b,21,,,,,,,,
46_LeftDG_3a,20,,,,,,,,
46_LeftDG_3b,23,,,,,,,,
46_RightCA1_1,35,,,,,,,,
46_RightCA1_2,35,,,,,,,,
46_RightCA1_3,31,,,,,,,,
46_RightCA3_1,34,,,,,,,,
46_RightCA3_2,22,,,,,,,,
46_RightCA3_3,17,,,,,,,,
46_RightDG_1a,30,,,,,,,,
46_RightDG_1b,30,,,,,,,,
46_RightDG_2a,29,,,,,,,,
46_RightDG_2b,19,,,,,,,,
46_RightDG_3a,18,,,,,,,,
46_RightDG_3b,23,,,,,,,,
57_LeftCA1_1,36,,,,,,,,
57_LeftCA1_2,32,,,,,,,,
57_LeftCA1_3,29,,,,,,,,
57_LeftCA3_1,24,,,,,,,,
57_LeftCA3_2,28,,,,,,,,
57_LeftCA3_3,26,,,,,,,,
57_LeftDG_1a,26,,,,,,,,
57_LeftDG_1b,23,,,,,,,,
57_LeftDG_2a,27,,,,,,,,
57_LeftDG_2b,15,,,,,,,,
57_LeftDG_3a,25,,,,,,,,
57_LeftDG_3b,21,,,,,,,,
57_RightCA1_1,31,,,,,,,,
57_RightCA1_2,33,,,,,,,,
57_RightCA1_3,28,,,,,,,,
57_RightCA3_1,29,,,,,,,,
57_RightCA3_2,20,,,,,,,,
57_RightCA3_3,28,,,,,,,,
57_RightDG_1a,36,,,,,,,,
57_RightDG_1b,28,,,,,,,,
57_RightDG_2a,27,,,,,,,,
57_RightDG_2b,26,,,,,,,,
57_RightDG_3a,27,,,,,,,,
57_RightDG_3b,17,,,,,,,,
59_LeftCA1_1,20,,,,,,,,
59_LeftCA1_2,19,,,,,,,,
59_LeftCA1_3,20,,,,,,,,
59_LeftCA3_1,19,,,,,,,,
59_LeftCA3_2,14,,,,,,,,
59_LeftCA3_3,15,,,,,,,,
59_LeftDG_1a,12,,,,,,,,
59_LeftDG_1b,12,,,,,,,,
59_LeftDG_2a,17,,,,,,,,
59_LeftDG_2b,11,,,,,,,,
59_LeftDG_3a,10,,,,,,,,
59_LeftDG_3b,13,,,,,,,,
59_RightCA1_1,35,,,,,,,,
59_RightCA1_2,26,,,,,,,,
59_RightCA1_3,18,,,,,,,,
59_RightCA3_1,16,,,,,,,,
59_RightCA3_2,9,,,,,,,,
59_RightCA3_3,18,,,,,,,,
59_RightDG_1a,18,,,,,,,,
59_RightDG_1b,15,,,,,,,,
59_RightDG_2a,15,,,,,,,,
59_RightDG_2b,9,,,,,,,,
59_RightDG_3a,10,,,,,,,,
59_RightDG_3b,11,,,,,,,,
61_LeftCA1_1,17,,,,,,,,
61_LeftCA1_2,23,,,,,,,,
61_LeftCA1_3,18,,,,,,,,
61_LeftCA3_1,16,,,,,,,,
61_LeftCA3_2,18,,,,,,,,
61_LeftCA3_3,23,,,,,,,,
61_LeftDG_1a,22,,,,,,,,
61_LeftDG_1b,20,,,,,,,,
61_LeftDG_2a,18,,,,,,,,
61_LeftDG_2b,12,,,,,,,,
61_LeftDG_3a,26,,,,,,,,
61_LeftDG_3b,18,,,,,,,,
61_RightCA1_1,21,,,,,,,,
61_RightCA1_2,22,,,,,,,,
61_RightCA1_3,24,,,,,,,,
61_RightCA3_1,10,,,,,,,,
61_RightCA3_2,18,,,,,,,,
61_RightCA3_3,11,,,,,,,,
61_RightDG_1a,13,,,,,,,,
61_RightDG_1b,7,,,,,,,,
61_RightDG_2a,11,,,,,,,,
61_RightDG_2b,17,,,,,,,,
61_RightDG_3a,19,,,,,,,,
61_RightDG_3b,15,,,,,,,,
98_LeftCA1_1,34,,,,,,,,
98_LeftCA1_2,15,,,,,,,,
98_LeftCA1_3,34,,,,,,,,
98_LeftCA3_1,31,,,,,,,,
98_LeftCA3_2,31,,,,,,,,
98_LeftCA3_3,23,,,,,,,,
98_LeftDG_1a,16,,,,,,,,
98_LeftDG_1b,21,,,,,,,,
98_LeftDG_2a,19,,,,,,,,
98_LeftDG_2b,16,,,,,,,,
98_LeftDG_3a,21,,,,,,,,
98_LeftDG_3b,33,,,,,,,,
98_RightCA1_1,22,,,,,,,,
98_RightCA1_2,31,,,,,,,,
98_RightCA1_3,31,,,,,,,,
98_RightCA3_1,33,,,,,,,,
98_RightCA3_2,29,,,,,,,,
98_RightCA3_3,28,,,,,,,,
98_RightDG_1a,29,,,,,,,,
98_RightDG_1b,23,,,,,,,,
98_RightDG_2a,24,,,,,,,,
98_RightDG_2b,30,,,,,,,,
98_RightDG_3a,15,,,,,,,,
98_RightDG_3b,23,,,,,,,,
100_LeftCA1_1,28,,,,,,,,
100_LeftCA1_2,29,,,,,,,,
100_LeftCA1_3,35,,,,,,,,
100_LeftCA3_1,41,,,,,,,,
100_LeftCA3_2,33,,,,,,,,
100_LeftCA3_3,37,,,,,,,,
100_LeftDG_1a,21,,,,,,,,
100_LeftDG_1b,20,,,,,,,,
100_LeftDG_2a,17,,,,,,,,
100_LeftDG_2b,14,,,,,,,,
100_LeftDG_3a,28,,,,,,,,
100_LeftDG_3b,24,,,,,,,,
100_RightCA1_1,26,,,,,,,,
100_RightCA1_2,32,,,,,,,,
100_RightCA1_3,34,,,,,,,,
100_RightCA3_1,31,,,,,,,,
100_RightCA3_2,27,,,,,,,,
100_RightCA3_3,33,,,,,,,,
100_RightDG_1a,25,,,,,,,,
100_RightDG_1b,16,,,,,,,,
100_RightDG_2a,20,,,,,,,,
100_RightDG_2b,22,,,,,,,,
100_RightDG_3a,23,,,,,,,,
100_RightDG_3b,24,,,,,,,,
102_LeftCA1_1,22,,,,,,,,
102_LeftCA1_2,26,,,,,,,,
102_LeftCA1_3,25,,,,,,,,
102_LeftCA3_1,20,,,,,,,,
102_LeftCA3_2,18,,,,,,,,
102_LeftCA3_3,18,,,,,,,,
102_LeftDG_1a,13,,,,,,,,
102_LeftDG_1b,10,,,,,,,,
102_LeftDG_2a,13,,,,,,,,
102_LeftDG_2b,8,,,,,,,,
102_LeftDG_3a,7,,,,,,,,
102_LeftDG_3b,19,,,,,,,,
102_RightCA1_1,33,,,,,,,,
102_RightCA1_2,31,,,,,,,,
102_RightCA1_3,29,,,,,,,,
102_RightCA3_1,21,,,,,,,,
102_RightCA3_2,16,,,,,,,,
102_RightCA3_3,19,,,,,,,,
102_RightDG_1a,14,,,,,,,,
102_RightDG_1b,19,,,,,,,,
102_RightDG_2a,17,,,,,,,,
102_RightDG_2b,14,,,,,,,,
102_RightDG_3a,20,,,,,,,,
102_RightDG_3b,13,,,,,,,,
105_LeftCA1_1,32,,,,,,,,
105_LeftCA1_2,21,,,,,,,,
105_LeftCA1_3,23,,,,,,,,
105_LeftCA3_1,33,,,,,,,,
105_LeftCA3_2,38,,,,,,,,
105_LeftCA3_3,27,,,,,,,,
105_LeftDG_1a,34,,,,,,,,
105_LeftDG_1b,28,,,,,,,,
105_LeftDG_2a,25,,,,,,,,
105_LeftDG_2b,27,,,,,,,,
105_LeftDG_3a,27,,,,,,,,
105_LeftDG_3b,27,,,,,,,,
105_RightCA1_1,27,,,,,,,,
105_RightCA1_2,36,,,,,,,,
105_RightCA1_3,29,,,,,,,,
105_RightCA3_1,29,,,,,,,,
105_RightCA3_2,31,,,,,,,,
105_RightCA3_3,32,,,,,,,,
105_RightDG_1a,26,,,,,,,,
105_RightDG_1b,26,,,,,,,,
105_RightDG_2a,28,,,,,,,,
105_RightDG_2b,27,,,,,,,,
105_RightDG_3a,26,,,,,,,,
105_RightDG_3b,28,,,,,,,,
107_LeftCA1_1,32,,,,,,,,
107_LeftCA1_2,38,,,,,,,,
107_LeftCA1_3,32,,,,,,,,
107_LeftCA3_1,40,,,,,,,,
107_LeftCA3_2,44,,,,,,,,
107_LeftCA3_3,31,,,,,,,,
107_LeftDG_1a,28,,,,,,,,
107_LeftDG_1b,37,,,,,,,,
107_LeftDG_2a,35,,,,,,,,
107_LeftDG_2b,42,,,,,,,,
107_LeftDG_3a,38,,,,,,,,
107_LeftDG_3b,40,,,,,,,,
107_RightCA1_1,31,,,,,,,,
107_RightCA1_2,35,,,,,,,,
107_RightCA1_3,39,,,,,,,,
107_RightCA3_1,31,,,,,,,,
107_RightCA3_2,29,,,,,,,,
107_RightCA3_3,29,,,,,,,,
107_RightDG_1a,32,,,,,,,,
107_RightDG_1b,34,,,,,,,,
107_RightDG_2a,35,,,,,,,,
107_RightDG_2b,40,,,,,,,,
107_RightDG_3a,23,,,,,,,,
107_RightDG_3b,37,,,,,,,,
109_LeftCA1_1,28,,,,,,,,
109_LeftCA1_2,32,,,,,,,,
109_LeftCA1_3,32,,,,,,,,
109_LeftCA3_1,21,,,,,,,,
109_LeftCA3_2,28,,,,,,,,
109_LeftCA3_3,29,,,,,,,,
109_LeftDG_1a,16,,,,,,,,
109_LeftDG_1b,20,,,,,,,,
109_LeftDG_2a,16,,,,,,,,
109_LeftDG_2b,25,,,,,,,,
109_LeftDG_3a,27,,,,,,,,
109_LeftDG_3b,29,,,,,,,,
109_RightCA1_1,35,,,,,,,,
109_RightCA1_2,36,,,,,,,,
109_RightCA1_3,35,,,,,,,,
109_RightCA3_1,40,,,,,,,,
109_RightCA3_2,31,,,,,,,,
109_RightCA3_3,24,,,,,,,,
109_RightDG_1a,23,,,,,,,,
109_RightDG_1b,27,,,,,,,,
109_RightDG_2a,24,,,,,,,,
109_RightDG_2b,22,,,,,,,,
109_RightDG_3a,31,,,,,,,,
109_RightDG_3b,26,,,,,,,,
122_LeftCA1_1,29,,,,,,,,
122_LeftCA1_2,22,,,,,,,,
122_LeftCA1_3,26,,,,,,,,
122_LeftCA3_1,30,,,,,,,,
122_LeftCA3_2,28,,,,,,,,
122_LeftCA3_3,20,,,,,,,,
122_LeftDG_1a,21,,,,,,,,
122_LeftDG_1b,16,,,,,,,,
122_LeftDG_2a,17,,,,,,,,
122_LeftDG_2b,21,,,,,,,,
122_LeftDG_3a,21,,,,,,,,
122_LeftDG_3b,21,,,,,,,,
122_RightCA1_1,19,,,,,,,,
122_RightCA1_2,18,,,,,,,,
122_RightCA1_3,18,,,,,,,,
122_RightCA3_1,30,,,,,,,,
122_RightCA3_2,25,,,,,,,,
122_RightCA3_3,21,,,,,,,,
122_RightDG_1a,14,,,,,,,,
122_RightDG_1b,18,,,,,,,,
122_RightDG_2a,19,,,,,,,,
122_RightDG_2b,16,,,,,,,,
122_RightDG_3a,17,,,,,,,,
122_RightDG_3b,18,,,,,,,,
124_LeftCA1_1,30,,,,,,,,
124_LeftCA1_2,44,,,,,,,,
124_LeftCA1_3,41,,,,,,,,
124_LeftCA3_1,21,,,,,,,,
124_LeftCA3_2,23,,,,,,,,
124_LeftCA3_3,32,,,,,,,,
124_LeftDG_1a,23,,,,,,,,
124_LeftDG_1b,27,,,,,,,,
124_LeftDG_2a,30,,,,,,,,
124_LeftDG_2b,20,,,,,,,,
124_LeftDG_3a,25,,,,,,,,
124_LeftDG_3b,29,,,,,,,,
124_RightCA1_1,30,,,,,,,,
124_RightCA1_2,47,,,,,,,,
124_RightCA1_3,41,,,,,,,,
124_RightCA3_1,25,,,,,,,,
124_RightCA3_2,23,,,,,,,,
124_RightCA3_3,21,,,,,,,,
124_RightDG_1a,27,,,,,,,,
124_RightDG_1b,23,,,,,,,,
124_RightDG_2a,26,,,,,,,,
124_RightDG_2b,20,,,,,,,,
124_RightDG_3a,30,,,,,,,,
124_RightDG_3b,18,,,,,,,,
126_LeftCA1_1,36,,,,,,,,
126_LeftCA1_2,36,,,,,,,,
126_LeftCA1_3,42,,,,,,,,
126_LeftCA3_1,46,,,,,,,,
126_LeftCA3_2,37,,,,,,,,
126_LeftCA3_3,34,,,,,,,,
126_LeftDG_1a,29,,,,,,,,
126_LeftDG_1b,36,,,,,,,,
126_LeftDG_2a,36,,,,,,,,
126_LeftDG_2b,28,,,,,,,,
126_LeftDG_3a,23,,,,,,,,
126_LeftDG_3b,26,,,,,,,,
126_RightCA1_1,42,,,,,,,,
126_RightCA1_2,31,,,,,,,,
126_RightCA1_3,31,,,,,,,,
126_RightCA3_1,38,,,,,,,,
126_RightCA3_2,45,,,,,,,,
126_RightCA3_3,37,,,,,,,,
126_RightDG_1a,24,,,,,,,,
126_RightDG_1b,34,,,,,,,,
126_RightDG_2a,40,,,,,,,,
126_RightDG_2b,32,,,,,,,,
126_RightDG_3a,22,,,,,,,,
126_RightDG_3b,23,,,,,,,,
129_LeftCA1_1,10,,,,,,,,
129_LeftCA1_2,20,,,,,,,,
129_LeftCA1_3,17,,,,,,,,
129_LeftCA3_1,29,,,,,,,,
129_LeftCA3_2,34,,,,,,,,
129_LeftCA3_3,31,,,,,,,,
129_LeftDG_1a,11,,,,,,,,
129_LeftDG_1b,23,,,,,,,,
129_LeftDG_2a,14,,,,,,,,
129_LeftDG_2b,29,,,,,,,,
129_LeftDG_3a,10,,,,,,,,
129_LeftDG_3b,23,,,,,,,,
129_RightCA1_1,17,,,,,,,,
129_RightCA1_2,25,,,,,,,,
129_RightCA1_3,22,,,,,,,,
129_RightCA3_1,24,,,,,,,,
129_RightCA3_2,36,,,,,,,,
129_RightCA3_3,17,,,,,,,,
129_RightDG_1a,18,,,,,,,,
129_RightDG_1b,22,,,,,,,,
129_RightDG_2a,19,,,,,,,,
129_RightDG_2b,41,,,,,,,,
129_RightDG_3a,15,,,,,,,,
129_RightDG_3b,18,,,,,,,,
131_LeftCA1_1,20,,,,,,,,
131_LeftCA1_2,25,,,,,,,,
131_LeftCA1_3,19,,,,,,,,
131_LeftCA3_1,17,,,,,,,,
131_LeftCA3_2,17,,,,,,,,
131_LeftCA3_3,19,,,,,,,,
131_LeftDG_1a,11,,,,,,,,
131_LeftDG_1b,14,,,,,,,,
131_LeftDG_2a,12,,,,,,,,
131_LeftDG_2b,14,,,,,,,,
131_LeftDG_3a,12,,,,,,,,
131_LeftDG_3b,15,,,,,,,,
131_RightCA1_1,23,,,,,,,,
131_RightCA1_2,17,,,,,,,,
131_RightCA1_3,19,,,,,,,,
131_RightCA3_1,26,,,,,,,,
131_RightCA3_2,18,,,,,,,,
131_RightCA3_3,21,,,,,,,,
131_RightDG_1a,17,,,,,,,,
131_RightDG_1b,15,,,,,,,,
131_RightDG_2a,9,,,,,,,,
131_RightDG_2b,13,,,,,,,,
131_RightDG_3a,12,,,,,,,,
131_RightDG_3b,16,,,,,,,,
133_LeftCA1_1,29,,,,,,,,
133_LeftCA1_2,35,,,,,,,,
133_LeftCA1_3,43,,,,,,,,
133_LeftCA3_1,28,,,,,,,,
133_LeftCA3_2,28,,,,,,,,
133_LeftCA3_3,25,,,,,,,,
133_LeftDG_1a,24,,,,,,,,
133_LeftDG_1b,30,,,,,,,,
133_LeftDG_2a,33,,,,,,,,
133_LeftDG_2b,32,,,,,,,,
133_LeftDG_3a,35,,,,,,,,
133_LeftDG_3b,31,,,,,,,,
133_RightCA1_1,33,,,,,,,,
133_RightCA1_2,43,,,,,,,,
133_RightCA1_3,38,,,,,,,,
133_RightCA3_1,27,,,,,,,,
133_RightCA3_2,34,,,,,,,,
133_RightCA3_3,46,,,,,,,,
133_RightDG_1a,28,,,,,,,,
133_RightDG_1b,33,,,,,,,,
133_RightDG_2a,24,,,,,,,,
133_RightDG_2b,34,,,,,,,,
133_RightDG_3a,37,,,,,,,,
133_RightDG_3b,38,,,,,,,,